"Label","Illinois!!Estimate","Illinois!!Percent","Iowa!!Estimate","Iowa!!Percent","Missouri!!Estimate","Missouri!!Percent","Nevada!!Estimate","Nevada!!Percent","Pennsylvania!!Estimate","Pennsylvania!!Percent","Utah!!Estimate","Utah!!Percent","West Virginia!!Estimate","West Virginia!!Percent","Colorado!!Estimate","Colorado!!Percent","Georgia!!Estimate","Georgia!!Percent","Idaho!!Estimate","Idaho!!Percent","Maryland!!Estimate","Maryland!!Percent","New Jersey!!Estimate","New Jersey!!Percent","New Mexico!!Estimate","New Mexico!!Percent","Ohio!!Estimate","Ohio!!Percent","Alaska!!Estimate","Alaska!!Percent","Florida!!Estimate","Florida!!Percent","Hawaii!!Estimate","Hawaii!!Percent","Massachusetts!!Estimate","Massachusetts!!Percent","South Carolina!!Estimate","South Carolina!!Percent","District of Columbia!!Estimate","District of Columbia!!Percent","Maine!!Estimate","Maine!!Percent","North Carolina!!Estimate","North Carolina!!Percent","South Dakota!!Estimate","South Dakota!!Percent","Alabama!!Estimate","Alabama!!Percent","Indiana!!Estimate","Indiana!!Percent","Kentucky!!Estimate","Kentucky!!Percent","Louisiana!!Estimate","Louisiana!!Percent","Tennessee!!Estimate","Tennessee!!Percent","Vermont!!Estimate","Vermont!!Percent","Washington!!Estimate","Washington!!Percent","Michigan!!Estimate","Michigan!!Percent","Nebraska!!Estimate","Nebraska!!Percent","New Hampshire!!Estimate","New Hampshire!!Percent","Oklahoma!!Estimate","Oklahoma!!Percent","Oregon!!Estimate","Oregon!!Percent","Rhode Island!!Estimate","Rhode Island!!Percent","Wisconsin!!Estimate","Wisconsin!!Percent","Wyoming!!Estimate","Wyoming!!Percent","Puerto Rico!!Estimate","Puerto Rico!!Percent","Arkansas!!Estimate","Arkansas!!Percent","California!!Estimate","California!!Percent","Delaware!!Estimate","Delaware!!Percent","Kansas!!Estimate","Kansas!!Percent","Minnesota!!Estimate","Minnesota!!Percent","Mississippi!!Estimate","Mississippi!!Percent","Montana!!Estimate","Montana!!Percent","Virginia!!Estimate","Virginia!!Percent","Arizona!!Estimate","Arizona!!Percent","Connecticut!!Estimate","Connecticut!!Percent","New York!!Estimate","New York!!Percent","North Dakota!!Estimate","North Dakota!!Percent","Texas!!Estimate","Texas!!Percent"
"SEX AND AGE","","","","","","","","","","","","","","","","","","","","","","","","","","","","","","","","","","","","","","","","","","","","","","","","","","","","","","","","","","","","","","","","","","","","","","","","","","","","","","","","","","","","","","","","","","","","","","","","","","","","","","","",""
"    Total population","12,741,080","12,741,080","3,156,145","3,156,145","6,126,452","6,126,452","3,034,392","3,034,392","12,807,060","12,807,060","3,161,105","3,161,105","1,805,832","1,805,832","5,695,564","5,695,564","10,519,475","10,519,475","1,754,208","1,754,208","6,042,718","6,042,718","8,908,520","8,908,520","2,095,428","2,095,428","11,689,442","11,689,442","737,438","737,438","21,299,325","21,299,325","1,420,491","1,420,491","6,902,149","6,902,149","5,084,127","5,084,127","702,455","702,455","1,338,404","1,338,404","10,383,620","10,383,620","882,235","882,235","4,887,871","4,887,871","6,691,878","6,691,878","4,468,402","4,468,402","4,659,978","4,659,978","6,770,010","6,770,010","626,299","626,299","7,535,591","7,535,591","9,995,915","9,995,915","1,929,268","1,929,268","1,356,458","1,356,458","3,943,079","3,943,079","4,190,713","4,190,713","1,057,315","1,057,315","5,813,568","5,813,568","577,737","577,737","3,195,153","3,195,153","3,013,825","3,013,825","39,557,045","39,557,045","967,171","967,171","2,911,510","2,911,510","5,611,179","5,611,179","2,986,530","2,986,530","1,062,305","1,062,305","8,517,685","8,517,685","7,171,646","7,171,646","3,572,665","3,572,665","19,542,209","19,542,209","760,077","760,077","28,701,845","28,701,845"
"        Male","6,266,062","49.2%","1,564,888","49.6%","3,003,165","49.0%","1,522,374","50.2%","6,271,620","49.0%","1,592,457","50.4%","894,657","49.5%","2,864,761","50.3%","5,120,290","48.7%","882,158","50.3%","2,930,350","48.5%","4,350,386","48.8%","1,039,641","49.6%","5,732,095","49.0%","382,952","51.9%","10,404,676","48.8%","710,702","50.0%","3,350,887","48.5%","2,468,707","48.6%","334,208","47.6%","655,734","49.0%","5,052,244","48.7%","445,271","50.5%","2,369,271","48.5%","3,295,973","49.3%","2,199,021","49.2%","2,276,530","48.9%","3,302,191","48.8%","308,118","49.2%","3,766,859","50.0%","4,926,816","49.3%","961,213","49.8%","669,442","49.4%","1,950,076","49.5%","2,079,943","49.6%","515,900","48.8%","2,891,282","49.7%","292,619","50.6%","1,520,415","47.6%","1,476,680","49.0%","19,673,553","49.7%","467,924","48.4%","1,449,745","49.8%","2,793,980","49.8%","1,446,829","48.4%","534,782","50.3%","4,190,738","49.2%","3,565,129","49.7%","1,740,533","48.7%","9,491,313","48.6%","391,222","51.5%","14,250,184","49.6%"
"        Female","6,475,018","50.8%","1,591,257","50.4%","3,123,287","51.0%","1,512,018","49.8%","6,535,440","51.0%","1,568,648","49.6%","911,175","50.5%","2,830,803","49.7%","5,399,185","51.3%","872,050","49.7%","3,112,368","51.5%","4,558,134","51.2%","1,055,787","50.4%","5,957,347","51.0%","354,486","48.1%","10,894,649","51.2%","709,789","50.0%","3,551,262","51.5%","2,615,420","51.4%","368,247","52.4%","682,670","51.0%","5,331,376","51.3%","436,964","49.5%","2,518,600","51.5%","3,395,905","50.7%","2,269,381","50.8%","2,383,448","51.1%","3,467,819","51.2%","318,181","50.8%","3,768,732","50.0%","5,069,099","50.7%","968,055","50.2%","687,016","50.6%","1,993,003","50.5%","2,110,770","50.4%","541,415","51.2%","2,922,286","50.3%","285,118","49.4%","1,674,738","52.4%","1,537,145","51.0%","19,883,492","50.3%","499,247","51.6%","1,461,765","50.2%","2,817,199","50.2%","1,539,701","51.6%","527,523","49.7%","4,326,947","50.8%","3,606,517","50.3%","1,832,132","51.3%","10,050,896","51.4%","368,855","48.5%","14,451,661","50.4%"
"        Sex ratio (males per 100 females)","96.8","(X)","98.3","(X)","96.2","(X)","100.7","(X)","96.0","(X)","101.5","(X)","98.2","(X)","101.2","(X)","94.8","(X)","101.2","(X)","94.2","(X)","95.4","(X)","98.5","(X)","96.2","(X)","108.0","(X)","95.5","(X)","100.1","(X)","94.4","(X)","94.4","(X)","90.8","(X)","96.1","(X)","94.8","(X)","101.9","(X)","94.1","(X)","97.1","(X)","96.9","(X)","95.5","(X)","95.2","(X)","96.8","(X)","100.0","(X)","97.2","(X)","99.3","(X)","97.4","(X)","97.8","(X)","98.5","(X)","95.3","(X)","98.9","(X)","102.6","(X)","90.8","(X)","96.1","(X)","98.9","(X)","93.7","(X)","99.2","(X)","99.2","(X)","94.0","(X)","101.4","(X)","96.9","(X)","98.9","(X)","95.0","(X)","94.4","(X)","106.1","(X)","98.6","(X)"
"        Under 5 years","759,456","6.0%","197,883","6.3%","370,408","6.0%","184,539","6.1%","700,416","5.5%","250,194","7.9%","93,922","5.2%","335,642","5.9%","645,488","6.1%","113,693","6.5%","361,435","6.0%","517,694","5.8%","118,494","5.7%","693,129","5.9%","52,173","7.1%","1,135,392","5.3%","87,437","6.2%","357,223","5.2%","287,356","5.7%","45,490","6.5%","63,410","4.7%","597,192","5.8%","60,427","6.8%","288,589","5.9%","417,774","6.2%","273,489","6.1%","301,857","6.5%","404,439","6.0%","28,810","4.6%","458,194","6.1%","569,183","5.7%","131,156","6.8%","62,857","4.6%","258,036","6.5%","230,515","5.5%","54,430","5.1%","330,651","5.7%","35,395","6.1%","125,796","3.9%","188,092","6.2%","2,428,493","6.1%","54,335","5.6%","186,990","6.4%","354,932","6.3%","177,761","6.0%","61,688","5.8%","502,102","5.9%","434,032","6.1%","181,224","5.1%","1,139,842","5.8%","52,175","6.9%","2,010,781","7.0%"
"        5 to 9 years","762,237","6.0%","197,454","6.3%","373,737","6.1%","188,880","6.2%","708,163","5.5%","257,110","8.1%","97,203","5.4%","352,145","6.2%","683,042","6.5%","123,959","7.1%","364,571","6.0%","517,905","5.8%","127,795","6.1%","691,126","5.9%","52,544","7.1%","1,127,602","5.3%","84,434","5.9%","369,278","5.4%","307,540","6.0%","32,857","4.7%","67,860","5.1%","620,626","6.0%","58,765","6.7%","290,369","5.9%","430,155","6.4%","279,978","6.3%","297,439","6.4%","413,172","6.1%","32,019","5.1%","466,487","6.2%","587,011","5.9%","129,861","6.7%","68,935","5.1%","262,116","6.6%","236,914","5.7%","56,691","5.4%","342,754","5.9%","34,937","6.0%","167,470","5.2%","192,523","6.4%","2,398,894","6.1%","51,828","5.4%","190,475","6.5%","360,713","6.4%","191,591","6.4%","61,732","5.8%","514,779","6.0%","441,613","6.2%","191,879","5.4%","1,078,979","5.5%","50,804","6.7%","1,984,419","6.9%"
"        10 to 14 years","838,140","6.6%","215,222","6.8%","401,199","6.5%","201,625","6.6%","775,827","6.1%","270,952","8.6%","107,390","5.9%","364,535","6.4%","739,018","7.0%","129,947","7.4%","385,477","6.4%","573,092","6.4%","151,078","7.2%","752,239","6.4%","49,747","6.7%","1,244,592","5.8%","84,576","6.0%","392,598","5.7%","323,598","6.4%","33,386","4.8%","72,549","5.4%","679,947","6.5%","61,566","7.0%","321,430","6.6%","451,395","6.7%","285,833","6.4%","317,930","6.8%","434,765","6.4%","33,938","5.4%","468,155","6.2%","619,055","6.2%","136,769","7.1%","76,872","5.7%","277,994","7.1%","253,861","6.1%","55,343","5.2%","374,768","6.4%","40,645","7.0%","181,046","5.7%","203,502","6.8%","2,646,096","6.7%","62,410","6.5%","208,695","7.2%","370,367","6.6%","216,172","7.2%","67,916","6.4%","534,414","6.3%","488,738","6.8%","224,026","6.3%","1,154,737","5.9%","47,274","6.2%","2,171,522","7.6%"
"        15 to 19 years","835,845","6.6%","220,659","7.0%","391,923","6.4%","182,398","6.0%","815,621","6.4%","250,173","7.9%","112,776","6.2%","368,833","6.5%","754,377","7.2%","127,012","7.2%","379,728","6.3%","556,312","6.2%","142,717","6.8%","773,272","6.6%","48,514","6.6%","1,234,024","5.8%","77,860","5.5%","457,341","6.6%","340,480","6.7%","37,568","5.3%","77,325","5.8%","701,383","6.8%","59,836","6.8%","332,209","6.8%","459,222","6.9%","288,944","6.5%","308,126","6.6%","439,465","6.5%","42,229","6.7%","452,515","6.0%","660,528","6.6%","132,609","6.9%","91,832","6.8%","270,953","6.9%","252,056","6.0%","74,635","7.1%","378,566","6.5%","40,744","7.1%","210,051","6.6%","208,021","6.9%","2,557,470","6.5%","59,345","6.1%","204,915","7.0%","356,388","6.4%","219,044","7.3%","67,386","6.3%","564,667","6.6%","477,306","6.7%","242,294","6.8%","1,202,251","6.2%","46,455","6.1%","2,069,341","7.2%"
"        20 to 24 years","839,026","6.6%","220,135","7.0%","406,398","6.6%","180,376","5.9%","812,406","6.3%","260,774","8.2%","113,760","6.3%","374,122","6.6%","719,378","6.8%","115,850","6.6%","384,168","6.4%","554,274","6.2%","138,863","6.6%","752,641","6.4%","49,107","6.7%","1,255,590","5.9%","90,595","6.4%","492,981","7.1%","332,798","6.5%","52,978","7.5%","73,878","5.5%","682,328","6.6%","58,791","6.7%","317,810","6.5%","465,439","7.0%","300,744","6.7%","308,893","6.6%","437,346","6.5%","43,479","6.9%","475,177","6.3%","690,292","6.9%","132,433","6.9%","85,214","6.3%","266,367","6.8%","264,987","6.3%","75,521","7.1%","394,807","6.8%","32,880","5.7%","222,760","7.0%","199,748","6.6%","2,710,448","6.9%","59,553","6.2%","209,009","7.2%","359,550","6.4%","204,679","6.9%","67,822","6.4%","579,716","6.8%","489,653","6.8%","239,846","6.7%","1,294,057","6.6%","62,590","8.2%","1,988,685","6.9%"
"        25 to 34 years","1,765,517","13.9%","394,507","12.5%","819,132","13.4%","442,713","14.6%","1,695,073","13.2%","463,344","14.7%","209,002","11.6%","889,656","15.6%","1,442,243","13.7%","228,080","13.0%","826,526","13.7%","1,151,093","12.9%","279,153","13.3%","1,533,104","13.1%","117,688","16.0%","2,758,515","13.0%","201,025","14.2%","990,332","14.3%","654,355","12.9%","163,467","23.3%","159,944","12.0%","1,382,310","13.3%","116,300","13.2%","635,976","13.0%","874,246","13.1%","579,520","13.0%","645,255","13.8%","914,783","13.5%","75,058","12.0%","1,153,369","15.3%","1,291,353","12.9%","256,755","13.3%","167,822","12.4%","542,736","13.8%","592,655","14.1%","146,349","13.8%","735,765","12.7%","77,254","13.4%","381,445","11.9%","392,937","13.0%","6,034,398","15.3%","127,399","13.2%","376,422","12.9%","759,541","13.5%","379,027","12.7%","133,976","12.6%","1,170,188","13.7%","979,328","13.7%","447,891","12.5%","2,872,898","14.7%","116,734","15.4%","4,181,960","14.6%"
"        35 to 44 years","1,644,390","12.9%","383,617","12.2%","742,343","12.1%","405,128","13.4%","1,496,113","11.7%","437,953","13.9%","218,803","12.1%","781,388","13.7%","1,401,044","13.3%","219,713","12.5%","775,079","12.8%","1,147,591","12.9%","256,261","12.2%","1,396,763","11.9%","97,020","13.2%","2,586,704","12.1%","181,541","12.8%","842,140","12.2%","623,363","12.3%","105,535","15.0%","153,436","11.5%","1,310,404","12.6%","105,167","11.9%","593,480","12.1%","826,473","12.4%","553,107","12.4%","589,714","12.7%","846,438","12.5%","70,113","11.2%","1,006,328","13.4%","1,165,562","11.7%","244,896","12.7%","154,965","11.4%","492,077","12.5%","556,833","13.3%","123,137","11.6%","706,676","12.2%","72,405","12.5%","396,979","12.4%","367,053","12.2%","5,264,457","13.3%","112,393","11.6%","359,447","12.3%","714,967","12.7%","380,696","12.7%","128,663","12.1%","1,114,566","13.1%","882,618","12.3%","424,573","11.9%","2,433,825","12.5%","90,872","12.0%","3,910,623","13.6%"
"        45 to 54 years","1,636,054","12.8%","369,396","11.7%","753,354","12.3%","396,167","13.1%","1,659,541","13.0%","319,031","10.1%","233,109","12.9%","710,218","12.5%","1,396,330","13.3%","201,135","11.5%","822,740","13.6%","1,233,599","13.8%","239,928","11.5%","1,488,201","12.7%","89,333","12.1%","2,741,968","12.9%","171,390","12.1%","921,551","13.4%","637,009","12.5%","75,526","10.8%","180,466","13.5%","1,378,087","13.3%","97,263","11.0%","626,173","12.8%","841,750","12.6%","575,373","12.9%","567,313","12.2%","883,961","13.1%","80,695","12.9%","930,921","12.4%","1,290,759","12.9%","218,816","11.3%","189,718","14.0%","459,013","11.6%","519,480","12.4%","140,006","13.2%","738,357","12.7%","67,487","11.7%","422,128","13.2%","370,343","12.3%","5,068,026","12.8%","122,887","12.7%","339,683","11.7%","689,680","12.3%","359,664","12.0%","121,090","11.4%","1,115,695","13.1%","852,462","11.9%","494,642","13.8%","2,557,338","13.1%","81,517","10.7%","3,550,999","12.4%"
"        55 to 59 years","855,616","6.7%","213,657","6.8%","419,591","6.8%","191,059","6.3%","916,749","7.2%","152,425","4.8%","127,449","7.1%","362,167","6.4%","667,863","6.3%","111,993","6.4%","418,074","6.9%","634,688","7.1%","136,486","6.5%","816,288","7.0%","47,300","6.4%","1,449,290","6.8%","86,295","6.1%","490,589","7.1%","349,353","6.9%","36,869","5.2%","105,214","7.9%","677,844","6.5%","58,813","6.7%","332,700","6.8%","447,600","6.7%","304,711","6.8%","303,589","6.5%","445,131","6.6%","47,049","7.5%","488,025","6.5%","700,756","7.0%","122,864","6.4%","111,581","8.2%","256,188","6.5%","267,232","6.4%","73,211","6.9%","419,486","7.2%","38,002","6.6%","214,899","6.7%","196,034","6.5%","2,485,050","6.3%","68,726","7.1%","189,925","6.5%","401,080","7.1%","190,823","6.4%","72,061","6.8%","574,308","6.7%","430,467","6.0%","260,520","7.3%","1,327,824","6.8%","49,436","6.5%","1,694,490","5.9%"
"        60 to 64 years","814,251","6.4%","205,797","6.5%","413,293","6.7%","186,387","6.1%","894,782","7.0%","147,852","4.7%","131,202","7.3%","349,003","6.1%","614,264","5.8%","103,385","5.9%","393,879","6.5%","583,983","6.6%","136,173","6.5%","796,516","6.8%","46,012","6.2%","1,406,864","6.6%","93,871","6.6%","450,575","6.5%","328,521","6.5%","33,153","4.7%","108,253","8.1%","664,925","6.4%","58,949","6.7%","319,472","6.5%","426,678","6.4%","295,311","6.6%","299,252","6.4%","445,713","6.6%","49,034","7.8%","472,433","6.3%","700,963","7.0%","119,111","6.2%","101,506","7.5%","237,998","6.0%","276,569","6.6%","75,347","7.1%","405,255","7.0%","41,431","7.2%","211,363","6.6%","187,896","6.2%","2,296,376","5.8%","67,539","7.0%","183,758","6.3%","355,327","6.3%","192,650","6.5%","79,732","7.5%","529,025","6.2%","436,326","6.1%","252,623","7.1%","1,268,393","6.5%","45,787","6.0%","1,539,426","5.4%"
"        65 to 74 years","1,143,329","9.0%","299,333","9.5%","596,623","9.7%","291,996","9.6%","1,311,159","10.2%","212,206","6.7%","215,290","11.9%","502,418","8.8%","896,948","8.5%","168,397","9.6%","546,442","9.0%","812,353","9.1%","221,209","10.6%","1,152,361","9.9%","59,630","8.1%","2,404,234","11.3%","149,372","10.5%","656,546","9.5%","553,062","10.9%","48,833","7.0%","163,953","12.2%","1,013,996","9.8%","85,022","9.6%","493,396","10.1%","613,699","9.2%","435,465","9.7%","434,897","9.3%","658,560","9.7%","75,755","12.1%","710,781","9.4%","1,009,186","10.1%","172,853","9.0%","146,599","10.8%","361,839","9.2%","447,596","10.7%","103,271","9.8%","571,672","9.8%","59,467","10.3%","361,819","11.3%","296,808","9.8%","3,286,461","8.3%","107,895","11.2%","264,050","9.1%","510,486","9.1%","284,356","9.5%","121,055","11.4%","779,502","9.2%","727,956","10.2%","343,060","9.6%","1,811,595","9.3%","64,047","8.4%","2,174,294","7.6%"
"        75 to 84 years","587,651","4.6%","162,869","5.2%","313,646","5.1%","138,844","4.6%","707,570","5.5%","103,828","3.3%","105,707","5.9%","218,031","3.8%","416,680","4.0%","81,341","4.6%","276,084","4.6%","430,178","4.8%","106,536","5.1%","595,517","5.1%","21,000","2.8%","1,393,550","6.5%","72,022","5.1%","327,266","4.7%","261,920","5.2%","25,892","3.7%","77,267","5.8%","495,511","4.8%","39,575","4.5%","251,025","5.1%","310,870","4.6%","217,279","4.9%","211,869","4.5%","332,775","4.9%","34,971","5.6%","325,150","4.3%","506,974","5.1%","89,193","4.6%","67,733","5.0%","185,179","4.7%","210,633","5.0%","52,915","5.0%","290,056","5.0%","27,832","4.8%","217,779","6.8%","154,699","5.1%","1,651,296","4.2%","54,257","5.6%","134,355","4.6%","262,775","4.7%","143,707","4.8%","58,431","5.5%","390,537","4.6%","398,408","5.6%","182,391","5.1%","967,841","5.0%","33,947","4.5%","1,042,370","3.6%"
"        85 years and over","259,568","2.0%","75,616","2.4%","124,805","2.0%","44,280","1.5%","313,640","2.4%","35,263","1.1%","40,219","2.2%","87,406","1.5%","142,800","1.4%","29,703","1.7%","108,515","1.8%","195,758","2.2%","40,735","1.9%","248,285","2.1%","7,370","1.0%","561,000","2.6%","40,073","2.8%","153,729","2.2%","84,772","1.7%","10,901","1.6%","34,849","2.6%","179,067","1.7%","21,761","2.5%","85,242","1.7%","126,577","1.9%","78,648","1.8%","73,844","1.6%","113,462","1.7%","13,149","2.1%","128,056","1.7%","204,293","2.0%","41,952","2.2%","30,824","2.3%","72,583","1.8%","81,382","1.9%","26,459","2.5%","124,755","2.1%","9,258","1.6%","81,618","2.6%","56,169","1.9%","729,580","1.8%","18,604","1.9%","63,786","2.2%","115,373","2.1%","46,360","1.6%","20,753","2.0%","148,186","1.7%","132,739","1.9%","87,696","2.5%","432,629","2.2%","18,439","2.4%","382,935","1.3%"
"        Median age (years)","38.3","(X)","38.1","(X)","38.8","(X)","38.2","(X)","40.8","(X)","31.0","(X)","42.8","(X)","36.9","(X)","36.8","(X)","36.8","(X)","38.8","(X)","40.0","(X)","38.1","(X)","39.5","(X)","34.9","(X)","42.2","(X)","39.3","(X)","39.5","(X)","39.7","(X)","33.9","(X)","45.1","(X)","38.9","(X)","37.2","(X)","39.3","(X)","37.8","(X)","39.1","(X)","37.3","(X)","38.9","(X)","43.1","(X)","37.7","(X)","39.8","(X)","36.7","(X)","43.1","(X)","36.7","(X)","39.6","(X)","40.0","(X)","39.6","(X)","38.5","(X)","42.9","(X)","38.1","(X)","36.7","(X)","41.1","(X)","37.1","(X)","38.2","(X)","37.7","(X)","40.1","(X)","38.3","(X)","38.0","(X)","41.1","(X)","39.0","(X)","35.4","(X)","34.9","(X)"
"        Under 18 years","2,855,802","22.4%","733,389","23.2%","1,377,726","22.5%","689,220","22.7%","2,647,617","20.7%","931,831","29.5%","363,225","20.1%","1,266,738","22.2%","2,503,293","23.8%","445,370","25.4%","1,338,355","22.1%","1,951,005","21.9%","480,237","22.9%","2,590,436","22.2%","183,460","24.9%","4,227,875","19.8%","303,255","21.3%","1,367,126","19.8%","1,104,409","21.7%","127,214","18.1%","248,552","18.6%","2,296,858","22.1%","214,463","24.3%","1,089,105","22.3%","1,567,057","23.4%","1,007,781","22.6%","1,097,585","23.6%","1,509,375","22.3%","115,527","18.4%","1,661,939","22.1%","2,164,265","21.7%","474,886","24.6%","258,128","19.0%","956,320","24.3%","872,588","20.8%","203,908","19.3%","1,272,105","21.9%","133,096","23.0%","594,010","18.6%","703,960","23.4%","8,985,538","22.7%","203,150","21.0%","705,151","24.2%","1,302,047","23.2%","705,722","23.6%","229,965","21.6%","1,869,640","22.0%","1,641,999","22.9%","735,066","20.6%","4,064,685","20.8%","174,714","23.0%","7,399,484","25.8%"
"        16 years and over","10,216,304","80.2%","2,506,580","79.4%","4,907,003","80.1%","2,420,990","79.8%","10,470,798","81.8%","2,329,530","73.7%","1,487,470","82.4%","4,570,149","80.2%","8,312,043","79.0%","1,357,737","77.4%","4,852,950","80.3%","7,183,569","80.6%","1,673,778","79.9%","9,407,612","80.5%","572,880","77.7%","17,561,780","82.5%","1,147,756","80.8%","5,703,665","82.6%","4,105,778","80.8%","586,358","83.5%","1,120,239","83.7%","8,352,567","80.4%","690,183","78.2%","3,930,579","80.4%","5,303,153","79.2%","3,572,054","79.9%","3,682,861","79.0%","5,431,337","80.2%","525,088","83.8%","6,052,827","80.3%","8,092,018","81.0%","1,506,189","78.1%","1,129,682","83.3%","3,089,116","78.3%","3,417,703","81.6%","881,487","83.4%","4,693,498","80.7%","460,122","79.6%","2,684,285","84.0%","2,389,608","79.3%","31,575,203","79.8%","788,299","81.5%","2,284,670","78.5%","4,451,949","79.3%","2,362,681","79.1%","857,868","80.8%","6,857,913","80.5%","5,714,007","79.7%","2,933,506","82.1%","15,945,017","81.6%","601,874","79.2%","22,117,923","77.1%"
"        18 years and over","9,885,278","77.6%","2,422,756","76.8%","4,748,726","77.5%","2,345,172","77.3%","10,159,443","79.3%","2,229,274","70.5%","1,442,607","79.9%","4,428,826","77.8%","8,016,182","76.2%","1,308,838","74.6%","4,704,363","77.9%","6,957,515","78.1%","1,615,191","77.1%","9,099,006","77.8%","553,978","75.1%","17,071,450","80.2%","1,117,236","78.7%","5,535,023","80.2%","3,979,718","78.3%","575,241","81.9%","1,089,852","81.4%","8,086,762","77.9%","667,772","75.7%","3,798,766","77.7%","5,124,821","76.6%","3,460,621","77.4%","3,562,393","76.4%","5,260,635","77.7%","510,772","81.6%","5,873,652","77.9%","7,831,650","78.3%","1,454,382","75.4%","1,098,330","81.0%","2,986,759","75.7%","3,318,125","79.2%","853,407","80.7%","4,541,463","78.1%","444,641","77.0%","2,601,143","81.4%","2,309,865","76.6%","30,571,507","77.3%","764,021","79.0%","2,206,359","75.8%","4,309,132","76.8%","2,280,808","76.4%","832,340","78.4%","6,648,045","78.0%","5,529,647","77.1%","2,837,599","79.4%","15,477,524","79.2%","585,363","77.0%","21,302,361","74.2%"
"        21 years and over","9,379,230","73.6%","2,277,260","72.2%","4,505,646","73.5%","2,236,266","73.7%","9,635,621","75.2%","2,087,145","66.0%","1,369,577","75.8%","4,202,110","73.8%","7,541,811","71.7%","1,236,279","70.5%","4,474,732","74.1%","6,637,355","74.5%","1,526,422","72.8%","8,619,557","73.7%","524,838","71.2%","16,296,323","76.5%","1,069,449","75.3%","5,225,643","75.7%","3,752,924","73.8%","541,913","77.1%","1,045,440","78.1%","7,631,929","73.5%","627,592","71.1%","3,585,498","73.4%","4,832,035","72.2%","3,270,419","73.2%","3,360,765","72.1%","4,989,942","73.7%","477,632","76.3%","5,598,942","74.3%","7,410,005","74.1%","1,373,348","71.2%","1,037,922","76.5%","2,810,568","71.3%","3,164,140","75.5%","801,791","75.8%","4,307,372","74.1%","418,332","72.4%","2,463,196","77.1%","2,174,891","72.2%","28,972,501","73.2%","725,369","75.0%","2,076,218","71.3%","4,092,214","72.9%","2,134,530","71.5%","789,281","74.3%","6,278,031","73.7%","5,230,420","72.9%","2,680,218","75.0%","14,710,466","75.3%","549,911","72.3%","20,054,832","69.9%"
"        62 years and over","2,459,839","19.3%","661,366","21.0%","1,284,321","21.0%","589,051","19.4%","2,861,918","22.3%","439,430","13.9%","439,269","24.3%","1,008,267","17.7%","1,809,161","17.2%","344,222","19.6%","1,165,504","19.3%","1,774,922","19.9%","446,425","21.3%","2,458,580","21.0%","113,725","15.4%","5,177,023","24.3%","315,727","22.2%","1,405,569","20.4%","1,091,411","21.5%","104,885","14.9%","340,131","25.4%","2,086,000","20.1%","182,585","20.7%","1,011,288","20.7%","1,302,647","19.5%","904,483","20.2%","896,927","19.2%","1,371,195","20.3%","153,634","24.5%","1,443,216","19.2%","2,131,072","21.3%","374,477","19.4%","301,336","22.2%","758,079","19.2%","905,381","21.6%","224,588","21.2%","1,219,340","21.0%","120,327","20.8%","784,990","24.6%","614,161","20.4%","6,991,001","17.7%","221,758","22.9%","570,444","19.6%","1,098,015","19.6%","584,389","19.6%","246,930","23.2%","1,627,091","19.1%","1,515,235","21.1%","760,090","21.3%","3,942,725","20.2%","141,838","18.7%","4,490,211","15.6%"
"        65 years and over","1,990,548","15.6%","537,818","17.0%","1,035,074","16.9%","475,120","15.7%","2,332,369","18.2%","351,297","11.1%","361,216","20.0%","807,855","14.2%","1,456,428","13.8%","279,441","15.9%","931,041","15.4%","1,438,289","16.1%","368,480","17.6%","1,996,163","17.1%","88,000","11.9%","4,358,784","20.5%","261,467","18.4%","1,137,541","16.5%","899,754","17.7%","85,626","12.2%","276,069","20.6%","1,688,574","16.3%","146,358","16.6%","829,663","17.0%","1,051,146","15.7%","731,392","16.4%","720,610","15.5%","1,104,797","16.3%","123,875","19.8%","1,163,987","15.4%","1,720,453","17.2%","303,998","15.8%","245,156","18.1%","619,601","15.7%","739,611","17.6%","182,645","17.3%","986,483","17.0%","96,557","16.7%","661,216","20.7%","507,676","16.8%","5,667,337","14.3%","180,756","18.7%","462,191","15.9%","888,634","15.8%","474,423","15.9%","200,239","18.8%","1,318,225","15.5%","1,259,103","17.6%","613,147","17.2%","3,212,065","16.4%","116,433","15.3%","3,599,599","12.5%"
"        18 years and over","9,885,278","9,885,278","2,422,756","2,422,756","4,748,726","4,748,726","2,345,172","2,345,172","10,159,443","10,159,443","2,229,274","2,229,274","1,442,607","1,442,607","4,428,826","4,428,826","8,016,182","8,016,182","1,308,838","1,308,838","4,704,363","4,704,363","6,957,515","6,957,515","1,615,191","1,615,191","9,099,006","9,099,006","553,978","553,978","17,071,450","17,071,450","1,117,236","1,117,236","5,535,023","5,535,023","3,979,718","3,979,718","575,241","575,241","1,089,852","1,089,852","8,086,762","8,086,762","667,772","667,772","3,798,766","3,798,766","5,124,821","5,124,821","3,460,621","3,460,621","3,562,393","3,562,393","5,260,635","5,260,635","510,772","510,772","5,873,652","5,873,652","7,831,650","7,831,650","1,454,382","1,454,382","1,098,330","1,098,330","2,986,759","2,986,759","3,318,125","3,318,125","853,407","853,407","4,541,463","4,541,463","444,641","444,641","2,601,143","2,601,143","2,309,865","2,309,865","30,571,507","30,571,507","764,021","764,021","2,206,359","2,206,359","4,309,132","4,309,132","2,280,808","2,280,808","832,340","832,340","6,648,045","6,648,045","5,529,647","5,529,647","2,837,599","2,837,599","15,477,524","15,477,524","585,363","585,363","21,302,361","21,302,361"
"            Male","4,801,941","48.6%","1,188,114","49.0%","2,298,091","48.4%","1,169,070","49.9%","4,919,474","48.4%","1,113,904","50.0%","707,039","49.0%","2,215,430","50.0%","3,835,526","47.8%","652,254","49.8%","2,246,001","47.7%","3,357,645","48.3%","793,301","49.1%","4,405,595","48.4%","289,766","52.3%","8,246,984","48.3%","556,287","49.8%","2,652,764","47.9%","1,899,602","47.7%","269,152","46.8%","527,338","48.4%","3,875,167","47.9%","334,365","50.1%","1,805,236","47.5%","2,493,916","48.7%","1,681,046","48.6%","1,712,995","48.1%","2,527,405","48.0%","249,177","48.8%","2,920,360","49.7%","3,817,463","48.7%","717,855","49.4%","539,550","49.1%","1,462,478","49.0%","1,632,062","49.2%","410,324","48.1%","2,240,074","49.3%","224,675","50.5%","1,215,558","46.7%","1,118,983","48.4%","15,074,187","49.3%","365,181","47.8%","1,090,789","49.4%","2,127,007","49.4%","1,085,780","47.6%","416,551","50.0%","3,232,257","48.6%","2,726,338","49.3%","1,367,138","48.2%","7,411,537","47.9%","299,924","51.2%","10,473,771","49.2%"
"            Female","5,083,337","51.4%","1,234,642","51.0%","2,450,635","51.6%","1,176,102","50.1%","5,239,969","51.6%","1,115,370","50.0%","735,568","51.0%","2,213,396","50.0%","4,180,656","52.2%","656,584","50.2%","2,458,362","52.3%","3,599,870","51.7%","821,890","50.9%","4,693,411","51.6%","264,212","47.7%","8,824,466","51.7%","560,949","50.2%","2,882,259","52.1%","2,080,116","52.3%","306,089","53.2%","562,514","51.6%","4,211,595","52.1%","333,407","49.9%","1,993,530","52.5%","2,630,905","51.3%","1,779,575","51.4%","1,849,398","51.9%","2,733,230","52.0%","261,595","51.2%","2,953,292","50.3%","4,014,187","51.3%","736,527","50.6%","558,780","50.9%","1,524,281","51.0%","1,686,063","50.8%","443,083","51.9%","2,301,389","50.7%","219,966","49.5%","1,385,585","53.3%","1,190,882","51.6%","15,497,320","50.7%","398,840","52.2%","1,115,570","50.6%","2,182,125","50.6%","1,195,028","52.4%","415,789","50.0%","3,415,788","51.4%","2,803,309","50.7%","1,470,461","51.8%","8,065,987","52.1%","285,439","48.8%","10,828,590","50.8%"
"            Sex ratio (males per 100 females)","94.5","(X)","96.2","(X)","93.8","(X)","99.4","(X)","93.9","(X)","99.9","(X)","96.1","(X)","100.1","(X)","91.7","(X)","99.3","(X)","91.4","(X)","93.3","(X)","96.5","(X)","93.9","(X)","109.7","(X)","93.5","(X)","99.2","(X)","92.0","(X)","91.3","(X)","87.9","(X)","93.7","(X)","92.0","(X)","100.3","(X)","90.6","(X)","94.8","(X)","94.5","(X)","92.6","(X)","92.5","(X)","95.3","(X)","98.9","(X)","95.1","(X)","97.5","(X)","96.6","(X)","95.9","(X)","96.8","(X)","92.6","(X)","97.3","(X)","102.1","(X)","87.7","(X)","94.0","(X)","97.3","(X)","91.6","(X)","97.8","(X)","97.5","(X)","90.9","(X)","100.2","(X)","94.6","(X)","97.3","(X)","93.0","(X)","91.9","(X)","105.1","(X)","96.7","(X)"
"        65 years and over","1,990,548","1,990,548","537,818","537,818","1,035,074","1,035,074","475,120","475,120","2,332,369","2,332,369","351,297","351,297","361,216","361,216","807,855","807,855","1,456,428","1,456,428","279,441","279,441","931,041","931,041","1,438,289","1,438,289","368,480","368,480","1,996,163","1,996,163","88,000","88,000","4,358,784","4,358,784","261,467","261,467","1,137,541","1,137,541","899,754","899,754","85,626","85,626","276,069","276,069","1,688,574","1,688,574","146,358","146,358","829,663","829,663","1,051,146","1,051,146","731,392","731,392","720,610","720,610","1,104,797","1,104,797","123,875","123,875","1,163,987","1,163,987","1,720,453","1,720,453","303,998","303,998","245,156","245,156","619,601","619,601","739,611","739,611","182,645","182,645","986,483","986,483","96,557","96,557","661,216","661,216","507,676","507,676","5,667,337","5,667,337","180,756","180,756","462,191","462,191","888,634","888,634","474,423","474,423","200,239","200,239","1,318,225","1,318,225","1,259,103","1,259,103","613,147","613,147","3,212,065","3,212,065","116,433","116,433","3,599,599","3,599,599"
"            Male","869,736","43.7%","239,515","44.5%","456,820","44.1%","223,916","47.1%","1,020,825","43.8%","164,068","46.7%","164,728","45.6%","369,328","45.7%","633,675","43.5%","132,466","47.4%","401,479","43.1%","620,523","43.1%","168,325","45.7%","874,877","43.8%","44,317","50.4%","1,965,555","45.1%","118,699","45.4%","492,790","43.3%","399,256","44.4%","35,230","41.1%","124,873","45.2%","737,862","43.7%","67,984","46.5%","360,970","43.5%","462,537","44.0%","323,392","44.2%","315,499","43.8%","489,258","44.3%","56,776","45.8%","532,355","45.7%","769,203","44.7%","136,845","45.0%","112,102","45.7%","275,737","44.5%","340,780","46.1%","79,555","43.6%","449,922","45.6%","46,060","47.7%","287,877","43.5%","226,122","44.5%","2,521,517","44.5%","80,979","44.8%","207,120","44.8%","403,054","45.4%","205,669","43.4%","96,193","48.0%","584,381","44.3%","579,400","46.0%","267,872","43.7%","1,381,107","43.0%","53,766","46.2%","1,605,880","44.6%"
"            Female","1,120,812","56.3%","298,303","55.5%","578,254","55.9%","251,204","52.9%","1,311,544","56.2%","187,229","53.3%","196,488","54.4%","438,527","54.3%","822,753","56.5%","146,975","52.6%","529,562","56.9%","817,766","56.9%","200,155","54.3%","1,121,286","56.2%","43,683","49.6%","2,393,229","54.9%","142,768","54.6%","644,751","56.7%","500,498","55.6%","50,396","58.9%","151,196","54.8%","950,712","56.3%","78,374","53.5%","468,693","56.5%","588,609","56.0%","408,000","55.8%","405,111","56.2%","615,539","55.7%","67,099","54.2%","631,632","54.3%","951,250","55.3%","167,153","55.0%","133,054","54.3%","343,864","55.5%","398,831","53.9%","103,090","56.4%","536,561","54.4%","50,497","52.3%","373,339","56.5%","281,554","55.5%","3,145,820","55.5%","99,777","55.2%","255,071","55.2%","485,580","54.6%","268,754","56.6%","104,046","52.0%","733,844","55.7%","679,703","54.0%","345,275","56.3%","1,830,958","57.0%","62,667","53.8%","1,993,719","55.4%"
"            Sex ratio (males per 100 females)","77.6","(X)","80.3","(X)","79.0","(X)","89.1","(X)","77.8","(X)","87.6","(X)","83.8","(X)","84.2","(X)","77.0","(X)","90.1","(X)","75.8","(X)","75.9","(X)","84.1","(X)","78.0","(X)","101.5","(X)","82.1","(X)","83.1","(X)","76.4","(X)","79.8","(X)","69.9","(X)","82.6","(X)","77.6","(X)","86.7","(X)","77.0","(X)","78.6","(X)","79.3","(X)","77.9","(X)","79.5","(X)","84.6","(X)","84.3","(X)","80.9","(X)","81.9","(X)","84.3","(X)","80.2","(X)","85.4","(X)","77.2","(X)","83.9","(X)","91.2","(X)","77.1","(X)","80.3","(X)","80.2","(X)","81.2","(X)","81.2","(X)","83.0","(X)","76.5","(X)","92.5","(X)","79.6","(X)","85.2","(X)","77.6","(X)","75.4","(X)","85.8","(X)","80.5","(X)"
"RACE","","","","","","","","","","","","","","","","","","","","","","","","","","","","","","","","","","","","","","","","","","","","","","","","","","","","","","","","","","","","","","","","","","","","","","","","","","","","","","","","","","","","","","","","","","","","","","","","","","","","","","","",""
"    Total population","12,741,080","12,741,080","3,156,145","3,156,145","6,126,452","6,126,452","3,034,392","3,034,392","12,807,060","12,807,060","3,161,105","3,161,105","1,805,832","1,805,832","5,695,564","5,695,564","10,519,475","10,519,475","1,754,208","1,754,208","6,042,718","6,042,718","8,908,520","8,908,520","2,095,428","2,095,428","11,689,442","11,689,442","737,438","737,438","21,299,325","21,299,325","1,420,491","1,420,491","6,902,149","6,902,149","5,084,127","5,084,127","702,455","702,455","1,338,404","1,338,404","10,383,620","10,383,620","882,235","882,235","4,887,871","4,887,871","6,691,878","6,691,878","4,468,402","4,468,402","4,659,978","4,659,978","6,770,010","6,770,010","626,299","626,299","7,535,591","7,535,591","9,995,915","9,995,915","1,929,268","1,929,268","1,356,458","1,356,458","3,943,079","3,943,079","4,190,713","4,190,713","1,057,315","1,057,315","5,813,568","5,813,568","577,737","577,737","3,195,153","3,195,153","3,013,825","3,013,825","39,557,045","39,557,045","967,171","967,171","2,911,510","2,911,510","5,611,179","5,611,179","2,986,530","2,986,530","1,062,305","1,062,305","8,517,685","8,517,685","7,171,646","7,171,646","3,572,665","3,572,665","19,542,209","19,542,209","760,077","760,077","28,701,845","28,701,845"
"        One race","12,400,103","97.3%","3,086,877","97.8%","5,952,588","97.2%","2,878,562","94.9%","12,473,515","97.4%","3,059,954","96.8%","1,771,421","98.1%","5,468,094","96.0%","10,233,069","97.3%","1,700,953","97.0%","5,819,703","96.3%","8,661,121","97.2%","2,028,242","96.8%","11,331,044","96.9%","675,242","91.6%","20,685,400","97.1%","1,074,716","75.7%","6,667,405","96.6%","4,962,930","97.6%","677,288","96.4%","1,308,385","97.8%","10,085,477","97.1%","858,851","97.3%","4,786,860","97.9%","6,511,237","97.3%","4,360,384","97.6%","4,554,933","97.7%","6,618,218","97.8%","613,514","98.0%","7,082,958","94.0%","9,703,250","97.1%","1,870,307","96.9%","1,326,501","97.8%","3,639,335","92.3%","3,993,491","95.3%","1,024,585","96.9%","5,667,055","97.5%","564,021","97.6%","3,041,937","95.2%","2,925,624","97.1%","37,552,583","94.9%","941,343","97.3%","2,803,459","96.3%","5,436,347","96.9%","2,941,580","98.5%","1,029,842","96.9%","8,168,181","95.9%","6,884,666","96.0%","3,451,275","96.6%","18,894,554","96.7%","742,510","97.7%","27,937,855","97.3%"
"        Two or more races","340,977","2.7%","69,268","2.2%","173,864","2.8%","155,830","5.1%","333,545","2.6%","101,151","3.2%","34,411","1.9%","227,470","4.0%","286,406","2.7%","53,255","3.0%","223,015","3.7%","247,399","2.8%","67,186","3.2%","358,398","3.1%","62,196","8.4%","613,925","2.9%","345,775","24.3%","234,744","3.4%","121,197","2.4%","25,167","3.6%","30,019","2.2%","298,143","2.9%","23,384","2.7%","101,011","2.1%","180,641","2.7%","108,018","2.4%","105,045","2.3%","151,792","2.2%","12,785","2.0%","452,633","6.0%","292,665","2.9%","58,961","3.1%","29,957","2.2%","303,744","7.7%","197,222","4.7%","32,730","3.1%","146,513","2.5%","13,716","2.4%","153,216","4.8%","88,201","2.9%","2,004,462","5.1%","25,828","2.7%","108,051","3.7%","174,832","3.1%","44,950","1.5%","32,463","3.1%","349,504","4.1%","286,980","4.0%","121,390","3.4%","647,655","3.3%","17,567","2.3%","763,990","2.7%"
"        One race","12,400,103","97.3%","3,086,877","97.8%","5,952,588","97.2%","2,878,562","94.9%","12,473,515","97.4%","3,059,954","96.8%","1,771,421","98.1%","5,468,094","96.0%","10,233,069","97.3%","1,700,953","97.0%","5,819,703","96.3%","8,661,121","97.2%","2,028,242","96.8%","11,331,044","96.9%","675,242","91.6%","20,685,400","97.1%","1,074,716","75.7%","6,667,405","96.6%","4,962,930","97.6%","677,288","96.4%","1,308,385","97.8%","10,085,477","97.1%","858,851","97.3%","4,786,860","97.9%","6,511,237","97.3%","4,360,384","97.6%","4,554,933","97.7%","6,618,218","97.8%","613,514","98.0%","7,082,958","94.0%","9,703,250","97.1%","1,870,307","96.9%","1,326,501","97.8%","3,639,335","92.3%","3,993,491","95.3%","1,024,585","96.9%","5,667,055","97.5%","564,021","97.6%","3,041,937","95.2%","2,925,624","97.1%","37,552,583","94.9%","941,343","97.3%","2,803,459","96.3%","5,436,347","96.9%","2,941,580","98.5%","1,029,842","96.9%","8,168,181","95.9%","6,884,666","96.0%","3,451,275","96.6%","18,894,554","96.7%","742,510","97.7%","27,937,855","97.3%"
"            White","9,135,145","71.7%","2,846,099","90.2%","5,035,197","82.2%","1,924,976","63.4%","10,256,084","80.1%","2,708,195","85.7%","1,679,773","93.0%","4,790,677","84.1%","6,127,645","58.3%","1,576,846","89.9%","3,305,047","54.7%","5,956,539","66.9%","1,599,938","76.4%","9,470,940","81.0%","474,555","64.4%","15,899,574","74.6%","345,652","24.3%","5,335,175","77.3%","3,407,706","67.0%","296,747","42.2%","1,261,453","94.3%","7,098,569","68.4%","740,870","84.0%","3,306,838","67.7%","5,539,927","82.8%","3,875,023","86.7%","2,877,115","61.7%","5,235,588","77.3%","589,337","94.1%","5,633,263","74.8%","7,825,285","78.3%","1,666,990","86.4%","1,253,931","92.4%","2,845,906","72.2%","3,514,983","83.9%","852,805","80.7%","4,957,243","85.3%","528,453","91.5%","2,079,304","65.1%","2,306,096","76.5%","23,535,388","59.5%","659,781","68.2%","2,446,823","84.0%","4,629,375","82.5%","1,735,455","58.1%","941,438","88.6%","5,737,580","67.4%","5,590,505","78.0%","2,688,136","75.2%","12,375,601","63.3%","651,687","85.7%","21,099,066","73.5%"
"            Black or African American","1,793,079","14.1%","115,137","3.6%","704,327","11.5%","280,385","9.2%","1,428,406","11.2%","40,365","1.3%","68,679","3.8%","237,578","4.2%","3,319,691","31.6%","12,075","0.7%","1,810,885","30.0%","1,207,995","13.6%","46,064","2.2%","1,446,306","12.4%","25,197","3.4%","3,410,741","16.0%","28,325","2.0%","537,523","7.8%","1,353,599","26.6%","319,777","45.5%","18,954","1.4%","2,222,533","21.4%","19,057","2.2%","1,307,040","26.7%","637,277","9.5%","354,761","7.9%","1,509,407","32.4%","1,137,801","16.8%","7,621","1.2%","291,808","3.9%","1,376,751","13.8%","91,221","4.7%","23,432","1.7%","287,680","7.3%","82,046","2.0%","70,749","6.7%","370,632","6.4%","3,667","0.6%","400,936","12.5%","456,714","15.2%","2,283,850","5.8%","217,594","22.5%","171,141","5.9%","367,653","6.6%","1,135,599","38.0%","5,056","0.5%","1,631,512","19.2%","336,340","4.7%","391,552","11.0%","3,069,259","15.7%","25,896","3.4%","3,527,027","12.3%"
"            American Indian and Alaska Native","35,846","0.3%","11,494","0.4%","27,705","0.5%","44,666","1.5%","21,418","0.2%","34,678","1.1%","2,629","0.1%","55,146","1.0%","34,485","0.3%","23,026","1.3%","13,433","0.2%","21,131","0.2%","200,659","9.6%","25,672","0.2%","111,371","15.1%","59,870","0.3%","3,237","0.2%","16,198","0.2%","23,672","0.5%","1,932","0.3%","8,566","0.6%","120,845","1.2%","78,068","8.8%","22,063","0.5%","14,040","0.2%","8,470","0.2%","25,657","0.6%","19,136","0.3%","1,743","0.3%","97,329","1.3%","53,012","0.5%","18,555","1.0%","3,562","0.3%","307,183","7.8%","49,051","1.2%","4,341","0.4%","50,364","0.9%","16,185","2.8%","4,013","0.1%","20,951","0.7%","302,792","0.8%","4,397","0.5%","26,829","0.9%","60,983","1.1%","13,234","0.4%","68,013","6.4%","22,265","0.3%","330,599","4.6%","9,507","0.3%","84,312","0.4%","41,270","5.4%","149,997","0.5%"
"                Cherokee tribal grouping","3,055","0.0%","603","0.0%","8,373","0.1%","2,626","0.1%","2,569","0.0%","709","0.0%","N","N","4,602","0.1%","5,950","0.1%","894","0.1%","1,091","0.0%","N","N","798","0.0%","6,858","0.1%","752","0.1%","10,006","0.0%","865","0.1%","N","N","N","N","N","N","N","N","14,768","0.1%","54","0.0%","N","N","1,877","0.0%","2,926","0.1%","N","N","5,325","0.1%","N","N","3,544","0.0%","1,306","0.0%","128","0.0%","N","N","120,019","3.0%","3,531","0.1%","N","N","1,102","0.0%","440","0.1%","N","N","N","N","15,871","0.0%","N","N","5,161","0.2%","466","0.0%","N","N","266","0.0%","4,424","0.1%","3,945","0.1%","N","N","2,131","0.0%","253","0.0%","20,203","0.1%"
"                Chippewa tribal grouping","2,651","0.0%","153","0.0%","462","0.0%","512","0.0%","351","0.0%","0","0.0%","N","N","590","0.0%","727","0.0%","218","0.0%","101","0.0%","N","N","806","0.0%","622","0.0%","962","0.1%","1,459","0.0%","0","0.0%","N","N","N","N","N","N","N","N","813","0.0%","819","0.1%","N","N","253","0.0%","665","0.0%","N","N","176","0.0%","N","N","1,844","0.0%","26,133","0.3%","135","0.0%","N","N","225","0.0%","955","0.0%","N","N","14,794","0.3%","7","0.0%","N","N","N","N","1,795","0.0%","N","N","241","0.0%","37,574","0.7%","N","N","2,546","0.2%","650","0.0%","263","0.0%","N","N","248","0.0%","15,261","2.0%","1,879","0.0%"
"                Navajo tribal grouping","135","0.0%","264","0.0%","1,210","0.0%","2,425","0.1%","302","0.0%","15,970","0.5%","N","N","7,270","0.1%","502","0.0%","974","0.1%","17","0.0%","N","N","124,715","6.0%","312","0.0%","38","0.0%","1,277","0.0%","135","0.0%","N","N","N","N","N","N","N","N","613","0.0%","259","0.0%","N","N","84","0.0%","106","0.0%","N","N","663","0.0%","N","N","782","0.0%","581","0.0%","421","0.0%","N","N","945","0.0%","1,246","0.0%","N","N","1,170","0.0%","1,101","0.2%","N","N","N","N","10,793","0.0%","N","N","685","0.0%","971","0.0%","N","N","605","0.1%","339","0.0%","151,713","2.1%","N","N","375","0.0%","430","0.1%","6,031","0.0%"
"                Sioux tribal grouping","222","0.0%","1,964","0.1%","653","0.0%","857","0.0%","447","0.0%","2,265","0.1%","N","N","4,219","0.1%","347","0.0%","426","0.0%","436","0.0%","N","N","622","0.0%","932","0.0%","797","0.1%","560","0.0%","123","0.0%","N","N","N","N","N","N","N","N","450","0.0%","57,592","6.5%","N","N","652","0.0%","110","0.0%","N","N","92","0.0%","N","N","2,214","0.0%","304","0.0%","4,438","0.2%","N","N","1,374","0.0%","1,727","0.0%","N","N","226","0.0%","1,107","0.2%","N","N","N","N","3,181","0.0%","N","N","1,378","0.0%","8,043","0.1%","N","N","3,214","0.3%","364","0.0%","1,533","0.0%","N","N","905","0.0%","13,335","1.8%","3,036","0.0%"
"            Asian","717,938","5.6%","79,971","2.5%","121,417","2.0%","250,137","8.2%","455,027","3.6%","75,898","2.4%","13,459","0.7%","180,277","3.2%","436,051","4.1%","27,026","1.5%","378,985","6.3%","868,213","9.7%","34,155","1.6%","271,762","2.3%","46,381","6.3%","593,634","2.8%","534,479","37.6%","472,403","6.8%","80,969","1.6%","27,538","3.9%","15,683","1.2%","306,682","3.0%","15,023","1.7%","65,095","1.3%","154,220","2.3%","65,300","1.5%","76,255","1.6%","119,046","1.8%","11,859","1.9%","661,781","8.8%","325,828","3.3%","45,779","2.4%","36,048","2.7%","84,694","2.1%","190,680","4.6%","36,064","3.4%","165,380","2.8%","5,807","1.0%","5,144","0.2%","47,548","1.6%","5,821,585","14.7%","39,023","4.0%","82,444","2.8%","273,126","4.9%","26,142","0.9%","8,517","0.8%","555,422","6.5%","237,873","3.3%","165,855","4.6%","1,666,113","8.5%","13,749","1.8%","1,430,857","5.0%"
"                Asian Indian","256,122","2.0%","12,415","0.4%","30,435","0.5%","11,123","0.4%","143,539","1.1%","12,079","0.4%","2,331","0.1%","35,512","0.6%","141,915","1.3%","2,942","0.2%","99,035","1.6%","387,244","4.3%","6,608","0.3%","95,049","0.8%","1,376","0.2%","171,778","0.8%","2,249","0.2%","120,063","1.7%","21,145","0.4%","6,317","0.9%","2,629","0.2%","104,438","1.0%","3,533","0.4%","14,401","0.3%","43,709","0.7%","14,340","0.3%","9,858","0.2%","26,391","0.4%","922","0.1%","128,356","1.7%","117,983","1.2%","8,337","0.4%","9,712","0.7%","18,453","0.5%","26,182","0.6%","8,342","0.8%","33,093","0.6%","435","0.1%","N","N","9,581","0.3%","815,948","2.1%","15,566","1.6%","20,564","0.7%","43,596","0.8%","5,906","0.2%","822","0.1%","153,601","1.8%","58,926","0.8%","70,961","2.0%","379,439","1.9%","3,189","0.4%","452,598","1.6%"
"                Chinese","132,447","1.0%","13,121","0.4%","29,621","0.5%","39,196","1.3%","119,817","0.9%","14,285","0.5%","3,893","0.2%","33,422","0.6%","68,404","0.7%","5,862","0.3%","89,525","1.5%","153,447","1.7%","6,222","0.3%","59,617","0.5%","2,988","0.4%","112,990","0.5%","56,584","4.0%","179,716","2.6%","15,787","0.3%","8,516","1.2%","3,305","0.2%","53,510","0.5%","1,107","0.1%","9,858","0.2%","33,644","0.5%","13,302","0.3%","11,547","0.2%","21,534","0.3%","3,587","0.6%","150,344","2.0%","60,872","0.6%","5,710","0.3%","8,141","0.6%","11,523","0.3%","42,189","1.0%","8,335","0.8%","26,627","0.5%","1,863","0.3%","N","N","5,053","0.2%","1,617,484","4.1%","8,521","0.9%","11,675","0.4%","33,553","0.6%","4,659","0.2%","1,501","0.1%","78,031","0.9%","46,853","0.7%","37,189","1.0%","705,047","3.6%","791","0.1%","233,097","0.8%"
"                Filipino","124,649","1.0%","5,029","0.2%","11,302","0.2%","129,739","4.3%","25,128","0.2%","8,034","0.3%","1,994","0.1%","19,141","0.3%","26,109","0.2%","6,703","0.4%","49,140","0.8%","120,222","1.3%","7,927","0.4%","18,275","0.2%","28,497","3.9%","107,199","0.5%","220,315","15.5%","15,409","0.2%","13,260","0.3%","3,006","0.4%","2,544","0.2%","20,713","0.2%","1,473","0.2%","5,941","0.1%","14,346","0.2%","6,224","0.1%","11,479","0.2%","11,865","0.2%","1,428","0.2%","100,877","1.3%","26,962","0.3%","4,832","0.3%","2,931","0.2%","4,314","0.1%","24,144","0.6%","1,818","0.2%","8,965","0.2%","796","0.1%","N","N","4,696","0.2%","1,299,922","3.3%","3,507","0.4%","4,505","0.2%","13,188","0.2%","3,930","0.1%","2,771","0.3%","80,656","0.9%","44,169","0.6%","9,547","0.3%","111,456","0.6%","2,763","0.4%","146,320","0.5%"
"                Japanese","17,958","0.1%","1,494","0.0%","2,388","0.0%","11,514","0.4%","5,056","0.0%","6,208","0.2%","686","0.0%","9,912","0.2%","9,166","0.1%","2,918","0.2%","6,545","0.1%","12,448","0.1%","1,518","0.1%","11,629","0.1%","749","0.1%","17,542","0.1%","163,174","11.5%","8,933","0.1%","3,393","0.1%","1,670","0.2%","1,259","0.1%","8,752","0.1%","250","0.0%","2,921","0.1%","5,519","0.1%","4,806","0.1%","1,172","0.0%","5,158","0.1%","208","0.0%","38,846","0.5%","13,900","0.1%","1,632","0.1%","744","0.1%","2,032","0.1%","13,293","0.3%","903","0.1%","4,663","0.1%","1,211","0.2%","N","N","1,728","0.1%","279,888","0.7%","612","0.1%","1,746","0.1%","5,126","0.1%","585","0.0%","693","0.1%","10,850","0.1%","11,983","0.2%","3,917","0.1%","38,853","0.2%","314","0.0%","24,311","0.1%"
"                Korean","56,597","0.4%","6,717","0.2%","11,526","0.2%","11,750","0.4%","39,144","0.3%","6,756","0.2%","1,396","0.1%","22,998","0.4%","53,227","0.5%","895","0.1%","45,273","0.7%","99,165","1.1%","2,490","0.1%","17,893","0.2%","3,484","0.5%","30,485","0.1%","24,804","1.7%","23,561","0.3%","4,741","0.1%","3,273","0.5%","1,811","0.1%","22,544","0.2%","763","0.1%","10,238","0.2%","9,780","0.1%","5,148","0.1%","2,534","0.1%","9,488","0.1%","1,623","0.3%","66,990","0.9%","27,174","0.3%","3,833","0.2%","1,870","0.1%","7,244","0.2%","17,743","0.4%","1,538","0.1%","8,900","0.2%","468","0.1%","N","N","3,178","0.1%","470,112","1.2%","2,020","0.2%","5,136","0.2%","16,431","0.3%","978","0.0%","998","0.1%","73,411","0.9%","15,633","0.2%","9,129","0.3%","123,507","0.6%","1,233","0.2%","80,649","0.3%"
"                Vietnamese","35,367","0.3%","11,705","0.4%","17,208","0.3%","17,744","0.6%","40,920","0.3%","9,663","0.3%","1,137","0.1%","25,088","0.4%","60,114","0.6%","3,349","0.2%","28,104","0.5%","19,085","0.2%","5,779","0.3%","17,619","0.2%","810","0.1%","72,431","0.3%","12,213","0.9%","52,771","0.8%","13,641","0.3%","1,628","0.2%","1,930","0.1%","28,006","0.3%","930","0.1%","10,185","0.2%","10,075","0.2%","5,819","0.1%","29,392","0.6%","14,882","0.2%","427","0.1%","84,125","1.1%","21,132","0.2%","7,132","0.4%","3,361","0.2%","20,629","0.5%","32,447","0.8%","1,916","0.2%","6,024","0.1%","40","0.0%","N","N","8,184","0.3%","674,243","1.7%","2,152","0.2%","17,089","0.6%","25,404","0.5%","6,038","0.2%","831","0.1%","68,558","0.8%","27,751","0.4%","8,792","0.2%","29,751","0.2%","778","0.1%","267,996","0.9%"
"                Other Asian","94,798","0.7%","29,490","0.9%","18,937","0.3%","29,071","1.0%","81,423","0.6%","18,873","0.6%","2,022","0.1%","34,204","0.6%","77,116","0.7%","4,357","0.2%","61,363","1.0%","76,602","0.9%","3,611","0.2%","51,680","0.4%","8,477","1.1%","81,209","0.4%","55,140","3.9%","71,950","1.0%","9,002","0.2%","3,128","0.4%","2,205","0.2%","68,719","0.7%","6,967","0.8%","11,551","0.2%","37,147","0.6%","15,661","0.4%","10,273","0.2%","29,728","0.4%","3,664","0.6%","92,243","1.2%","57,805","0.6%","14,303","0.7%","9,289","0.7%","20,499","0.5%","34,682","0.8%","13,212","1.2%","77,108","1.3%","994","0.2%","N","N","15,128","0.5%","663,988","1.7%","6,645","0.7%","21,729","0.7%","135,828","2.4%","4,046","0.1%","901","0.1%","90,315","1.1%","32,558","0.5%","26,320","0.7%","278,060","1.4%","4,681","0.6%","225,886","0.8%"
"            Native Hawaiian and Other Pacific Islander","5,317","0.0%","3,463","0.1%","7,385","0.1%","19,612","0.6%","5,008","0.0%","29,362","0.9%","451","0.0%","7,585","0.1%","14,049","0.1%","2,763","0.2%","7,311","0.1%","2,909","0.0%","2,465","0.1%","4,228","0.0%","7,958","1.1%","12,841","0.1%","144,971","10.2%","2,775","0.0%","4,004","0.1%","397","0.1%","465","0.0%","10,218","0.1%","51","0.0%","1,797","0.0%","3,470","0.1%","4,943","0.1%","1,133","0.0%","5,494","0.1%","139","0.0%","53,924","0.7%","3,907","0.0%","1,289","0.1%","515","0.0%","3,859","0.1%","18,758","0.4%","883","0.1%","1,961","0.0%","1,111","0.2%","767","0.0%","9,398","0.3%","155,739","0.4%","896","0.1%","2,929","0.1%","2,396","0.0%","1,372","0.0%","990","0.1%","5,659","0.1%","15,661","0.2%","1,017","0.0%","9,424","0.0%","339","0.0%","21,463","0.1%"
"                Native Hawaiian","1,927","0.0%","541","0.0%","1,844","0.0%","6,472","0.2%","935","0.0%","2,090","0.1%","N","N","1,994","0.0%","2,435","0.0%","1,432","0.1%","N","N","N","N","N","N","828","0.0%","383","0.1%","2,772","0.0%","91,442","6.4%","647","0.0%","910","0.0%","N","N","N","N","1,416","0.0%","N","N","716","0.0%","996","0.0%","610","0.0%","N","N","1,178","0.0%","N","N","7,135","0.1%","822","0.0%","N","N","N","N","1,356","0.0%","6,114","0.1%","N","N","683","0.0%","N","N","N","N","N","N","22,294","0.1%","N","N","572","0.0%","452","0.0%","875","0.0%","N","N","1,797","0.0%","4,780","0.1%","N","N","3,087","0.0%","N","N","6,038","0.0%"
"                Guamanian or Chamorro","789","0.0%","561","0.0%","226","0.0%","5,668","0.2%","746","0.0%","836","0.0%","N","N","3,276","0.1%","5,022","0.0%","791","0.0%","N","N","N","N","N","N","287","0.0%","1,163","0.2%","4,389","0.0%","4,363","0.3%","1,126","0.0%","961","0.0%","N","N","N","N","4,255","0.0%","N","N","352","0.0%","1,047","0.0%","1,264","0.0%","N","N","1,657","0.0%","N","N","12,067","0.2%","1,143","0.0%","N","N","N","N","702","0.0%","1,538","0.0%","N","N","174","0.0%","N","N","N","N","N","N","31,994","0.1%","N","N","433","0.0%","353","0.0%","137","0.0%","N","N","1,944","0.0%","3,085","0.0%","N","N","1,044","0.0%","N","N","4,615","0.0%"
"                Samoan","710","0.0%","348","0.0%","2,729","0.0%","3,528","0.1%","766","0.0%","8,386","0.3%","N","N","205","0.0%","705","0.0%","268","0.0%","N","N","N","N","N","N","538","0.0%","4,639","0.6%","1,653","0.0%","11,237","0.8%","489","0.0%","271","0.0%","N","N","N","N","1,218","0.0%","N","N","0","0.0%","452","0.0%","209","0.0%","N","N","1,193","0.0%","N","N","15,187","0.2%","795","0.0%","N","N","N","N","728","0.0%","686","0.0%","N","N","351","0.0%","N","N","N","N","N","N","40,179","0.1%","N","N","138","0.0%","214","0.0%","167","0.0%","N","N","673","0.0%","1,951","0.0%","N","N","1,563","0.0%","N","N","5,748","0.0%"
"                Other Pacific Islander","1,891","0.0%","2,013","0.1%","2,586","0.0%","3,944","0.1%","2,561","0.0%","18,050","0.6%","N","N","2,110","0.0%","5,887","0.1%","272","0.0%","N","N","N","N","N","N","2,575","0.0%","1,773","0.2%","4,027","0.0%","37,929","2.7%","513","0.0%","1,862","0.0%","N","N","N","N","3,329","0.0%","N","N","729","0.0%","975","0.0%","2,860","0.1%","N","N","1,466","0.0%","N","N","19,535","0.3%","1,147","0.0%","N","N","N","N","1,073","0.0%","10,420","0.2%","N","N","753","0.0%","N","N","N","N","N","N","61,272","0.2%","N","N","1,786","0.1%","1,377","0.0%","193","0.0%","N","N","1,245","0.0%","5,845","0.1%","N","N","3,730","0.0%","N","N","5,062","0.0%"
"            Some other race","712,778","5.6%","30,713","1.0%","56,557","0.9%","358,786","11.8%","307,572","2.4%","171,456","5.4%","6,430","0.4%","196,831","3.5%","301,148","2.9%","59,217","3.4%","304,042","5.0%","604,334","6.8%","144,961","6.9%","112,136","1.0%","9,780","1.3%","708,740","3.3%","18,052","1.3%","303,331","4.4%","92,980","1.8%","30,897","4.4%","3,264","0.2%","326,630","3.1%","5,782","0.7%","84,027","1.7%","162,303","2.4%","51,887","1.2%","65,366","1.4%","101,153","1.5%","2,815","0.4%","344,853","4.6%","118,467","1.2%","46,473","2.4%","9,013","0.7%","110,013","2.8%","137,973","3.3%","59,743","5.7%","121,475","2.1%","8,798","1.5%","551,773","17.3%","84,917","2.8%","5,453,229","13.8%","19,652","2.0%","73,293","2.5%","102,814","1.8%","29,778","1.0%","5,828","0.5%","215,743","2.5%","373,688","5.2%","195,208","5.5%","1,689,845","8.6%","9,569","1.3%","1,709,445","6.0%"
"        Two or more races","340,977","2.7%","69,268","2.2%","173,864","2.8%","155,830","5.1%","333,545","2.6%","101,151","3.2%","34,411","1.9%","227,470","4.0%","286,406","2.7%","53,255","3.0%","223,015","3.7%","247,399","2.8%","67,186","3.2%","358,398","3.1%","62,196","8.4%","613,925","2.9%","345,775","24.3%","234,744","3.4%","121,197","2.4%","25,167","3.6%","30,019","2.2%","298,143","2.9%","23,384","2.7%","101,011","2.1%","180,641","2.7%","108,018","2.4%","105,045","2.3%","151,792","2.2%","12,785","2.0%","452,633","6.0%","292,665","2.9%","58,961","3.1%","29,957","2.2%","303,744","7.7%","197,222","4.7%","32,730","3.1%","146,513","2.5%","13,716","2.4%","153,216","4.8%","88,201","2.9%","2,004,462","5.1%","25,828","2.7%","108,051","3.7%","174,832","3.1%","44,950","1.5%","32,463","3.1%","349,504","4.1%","286,980","4.0%","121,390","3.4%","647,655","3.3%","17,567","2.3%","763,990","2.7%"
"            White and Black or African American","116,872","0.9%","30,402","1.0%","75,345","1.2%","32,463","1.1%","148,313","1.2%","12,469","0.4%","19,582","1.1%","51,313","0.9%","115,366","1.1%","6,899","0.4%","73,892","1.2%","82,074","0.9%","9,812","0.5%","182,751","1.6%","5,434","0.7%","231,541","1.1%","5,159","0.4%","95,685","1.4%","50,580","1.0%","6,672","0.9%","6,727","0.5%","113,981","1.1%","5,901","0.7%","28,890","0.6%","81,088","1.2%","55,367","1.2%","38,391","0.8%","64,359","1.0%","2,781","0.4%","81,176","1.1%","107,343","1.1%","16,280","0.8%","9,223","0.7%","40,451","1.0%","29,153","0.7%","11,175","1.1%","56,368","1.0%","4,082","0.7%","133,079","4.2%","25,489","0.8%","280,039","0.7%","11,461","1.2%","36,107","1.2%","56,190","1.0%","20,544","0.7%","3,046","0.3%","121,605","1.4%","65,348","0.9%","45,822","1.3%","202,340","1.0%","3,267","0.4%","203,350","0.7%"
"            White and American Indian and Alaska Native","35,817","0.3%","9,285","0.3%","39,150","0.6%","14,754","0.5%","32,795","0.3%","17,190","0.5%","5,340","0.3%","51,921","0.9%","29,089","0.3%","14,200","0.8%","20,984","0.3%","12,437","0.1%","18,430","0.9%","47,213","0.4%","29,350","4.0%","68,105","0.3%","8,601","0.6%","18,960","0.3%","17,005","0.3%","1,054","0.2%","11,857","0.9%","44,768","0.4%","11,790","1.3%","30,509","0.6%","24,258","0.4%","13,712","0.3%","20,981","0.5%","28,229","0.4%","4,639","0.7%","88,978","1.2%","67,048","0.7%","12,906","0.7%","6,811","0.5%","188,314","4.8%","66,522","1.6%","4,785","0.5%","30,616","0.5%","5,121","0.9%","190","0.0%","37,619","1.2%","293,911","0.7%","2,097","0.2%","28,238","1.0%","36,730","0.7%","3,935","0.1%","17,810","1.7%","32,915","0.4%","66,395","0.9%","13,945","0.4%","50,674","0.3%","7,900","1.0%","141,278","0.5%"
"            White and Asian","82,982","0.7%","13,266","0.4%","29,126","0.5%","38,991","1.3%","55,627","0.4%","29,698","0.9%","4,574","0.3%","54,185","1.0%","47,451","0.5%","11,981","0.7%","51,972","0.9%","57,486","0.6%","9,131","0.4%","51,975","0.4%","8,997","1.2%","109,703","0.5%","71,631","5.0%","52,189","0.8%","17,042","0.3%","7,586","1.1%","5,967","0.4%","44,443","0.4%","2,148","0.2%","16,279","0.3%","27,827","0.4%","14,891","0.3%","17,416","0.4%","27,614","0.4%","2,824","0.5%","142,017","1.9%","54,569","0.5%","12,326","0.6%","8,957","0.7%","17,661","0.4%","50,372","1.2%","7,200","0.7%","29,021","0.5%","2,057","0.4%","459","0.0%","8,674","0.3%","603,039","1.5%","4,456","0.5%","18,669","0.6%","43,417","0.8%","9,557","0.3%","5,716","0.5%","99,220","1.2%","61,566","0.9%","19,302","0.5%","140,392","0.7%","3,361","0.4%","148,225","0.5%"
"            Black or African American and American Indian and Alaska Native","8,368","0.1%","1,951","0.1%","4,404","0.1%","5,393","0.2%","11,223","0.1%","988","0.0%","200","0.0%","2,651","0.0%","11,143","0.1%","243","0.0%","8,612","0.1%","7,193","0.1%","908","0.0%","13,585","0.1%","2,161","0.3%","15,073","0.1%","1,038","0.1%","5,855","0.1%","7,602","0.1%","1,967","0.3%","367","0.0%","20,927","0.2%","574","0.1%","6,544","0.1%","3,376","0.1%","2,456","0.1%","6,949","0.1%","3,996","0.1%","261","0.0%","8,886","0.1%","9,727","0.1%","1,412","0.1%","146","0.0%","16,338","0.4%","1,478","0.0%","1,146","0.1%","4,123","0.1%","217","0.0%","2,244","0.1%","1,944","0.1%","32,874","0.1%","1,401","0.1%","4,034","0.1%","6,154","0.1%","1,651","0.1%","736","0.1%","12,431","0.1%","8,350","0.1%","3,381","0.1%","17,071","0.1%","151","0.0%","21,608","0.1%"
"Race alone or in combination with one or more other races","","","","","","","","","","","","","","","","","","","","","","","","","","","","","","","","","","","","","","","","","","","","","","","","","","","","","","","","","","","","","","","","","","","","","","","","","","","","","","","","","","","","","","","","","","","","","","","","","","","","","","","",""
"    Total population","12,741,080","12,741,080","3,156,145","3,156,145","6,126,452","6,126,452","3,034,392","3,034,392","12,807,060","12,807,060","3,161,105","3,161,105","1,805,832","1,805,832","5,695,564","5,695,564","10,519,475","10,519,475","1,754,208","1,754,208","6,042,718","6,042,718","8,908,520","8,908,520","2,095,428","2,095,428","11,689,442","11,689,442","737,438","737,438","21,299,325","21,299,325","1,420,491","1,420,491","6,902,149","6,902,149","5,084,127","5,084,127","702,455","702,455","1,338,404","1,338,404","10,383,620","10,383,620","882,235","882,235","4,887,871","4,887,871","6,691,878","6,691,878","4,468,402","4,468,402","4,659,978","4,659,978","6,770,010","6,770,010","626,299","626,299","7,535,591","7,535,591","9,995,915","9,995,915","1,929,268","1,929,268","1,356,458","1,356,458","3,943,079","3,943,079","4,190,713","4,190,713","1,057,315","1,057,315","5,813,568","5,813,568","577,737","577,737","3,195,153","3,195,153","3,013,825","3,013,825","39,557,045","39,557,045","967,171","967,171","2,911,510","2,911,510","5,611,179","5,611,179","2,986,530","2,986,530","1,062,305","1,062,305","8,517,685","8,517,685","7,171,646","7,171,646","3,572,665","3,572,665","19,542,209","19,542,209","760,077","760,077","28,701,845","28,701,845"
"        White","9,431,680","74.0%","2,909,568","92.2%","5,196,815","84.8%","2,050,048","67.6%","10,543,254","82.3%","2,800,377","88.6%","1,712,618","94.8%","4,997,140","87.7%","6,365,137","60.5%","1,626,499","92.7%","3,489,566","57.7%","6,154,690","69.1%","1,658,939","79.2%","9,794,421","83.8%","529,846","71.8%","16,428,821","77.1%","600,675","42.3%","5,538,925","80.2%","3,511,420","69.1%","315,977","45.0%","1,289,950","96.4%","7,347,405","70.8%","763,432","86.5%","3,394,273","69.4%","5,703,463","85.2%","3,974,518","88.9%","2,966,465","63.7%","5,373,382","79.4%","600,494","95.9%","6,041,370","80.2%","8,092,824","81.0%","1,720,346","89.2%","1,282,576","94.6%","3,124,653","79.2%","3,697,861","88.2%","881,270","83.3%","5,091,797","87.6%","541,280","93.7%","2,225,568","69.7%","2,387,735","79.2%","25,188,735","63.7%","681,901","70.5%","2,544,721","87.4%","4,787,851","85.3%","1,776,445","59.5%","972,128","91.5%","6,043,577","71.0%","5,838,911","81.4%","2,787,851","78.0%","12,879,039","65.9%","668,212","87.9%","21,759,347","75.8%"
"        Black or African American","1,952,694","15.3%","151,562","4.8%","794,984","13.0%","337,660","11.1%","1,632,035","12.7%","58,241","1.8%","89,894","5.0%","311,745","5.5%","3,487,272","33.2%","22,173","1.3%","1,932,303","32.0%","1,335,579","15.0%","61,079","2.9%","1,674,699","14.3%","36,659","5.0%","3,731,939","17.5%","53,844","3.8%","666,025","9.6%","1,423,790","28.0%","333,496","47.5%","27,637","2.1%","2,398,801","23.1%","26,781","3.0%","1,349,621","27.6%","739,547","11.1%","422,416","9.5%","1,565,302","33.6%","1,217,973","18.0%","12,187","1.9%","422,547","5.6%","1,519,646","15.2%","114,414","5.9%","34,419","2.5%","365,013","9.3%","122,063","2.9%","86,469","8.2%","440,836","7.6%","8,296","1.4%","544,587","17.0%","487,767","16.2%","2,788,457","7.0%","234,961","24.3%","218,001","7.5%","445,288","7.9%","1,161,529","38.9%","9,491","0.9%","1,807,434","21.2%","432,062","6.0%","461,513","12.9%","3,396,032","17.4%","29,988","3.9%","3,827,321","13.3%"
"        American Indian and Alaska Native","100,555","0.8%","27,116","0.9%","79,954","1.3%","71,817","2.4%","89,728","0.7%","56,454","1.8%","9,599","0.5%","126,983","2.2%","92,014","0.9%","41,448","2.4%","60,221","1.0%","56,649","0.6%","226,911","10.8%","104,484","0.9%","149,430","20.3%","171,405","0.8%","30,383","2.1%","52,093","0.8%","53,066","1.0%","6,722","1.0%","22,607","1.7%","205,652","2.0%","92,049","10.4%","62,780","1.3%","48,290","0.7%","29,444","0.7%","58,123","1.2%","55,944","0.8%","7,315","1.2%","226,088","3.0%","146,197","1.5%","35,790","1.9%","11,622","0.9%","533,348","13.5%","124,112","3.0%","11,871","1.1%","90,189","1.6%","21,867","3.8%","11,722","0.4%","63,583","2.1%","799,889","2.0%","10,015","1.0%","64,801","2.2%","112,850","2.0%","20,404","0.7%","87,853","8.3%","90,683","1.1%","424,955","5.9%","35,881","1.0%","207,373","1.1%","50,434","6.6%","351,369","1.2%"
"        Asian","831,487","6.5%","98,900","3.1%","159,166","2.6%","318,010","10.5%","536,235","4.2%","115,638","3.7%","19,875","1.1%","254,210","4.5%","509,357","4.8%","45,610","2.6%","459,537","7.6%","956,049","10.7%","47,195","2.3%","345,724","3.0%","63,855","8.7%","774,567","3.6%","807,332","56.8%","540,441","7.8%","107,491","2.1%","38,036","5.4%","23,286","1.7%","376,535","3.6%","17,534","2.0%","89,230","1.8%","193,559","2.9%","87,095","1.9%","101,220","2.2%","155,876","2.3%","15,706","2.5%","857,031","11.4%","393,744","3.9%","63,282","3.3%","46,745","3.4%","111,634","2.8%","257,861","6.2%","45,191","4.3%","201,356","3.5%","8,317","1.4%","6,884","0.2%","60,225","2.0%","6,717,391","17.0%","45,175","4.7%","107,317","3.7%","328,249","5.8%","38,212","1.3%","15,317","1.4%","688,297","8.1%","322,251","4.5%","195,312","5.5%","1,879,261","9.6%","18,212","2.4%","1,648,133","5.7%"
"        Native Hawaiian and Other Pacific Islander","16,444","0.1%","6,579","0.2%","13,760","0.2%","41,746","1.4%","18,764","0.1%","47,609","1.5%","2,577","0.1%","19,880","0.3%","26,155","0.2%","7,162","0.4%","15,994","0.3%","11,641","0.1%","4,997","0.2%","13,486","0.1%","14,092","1.9%","43,479","0.2%","383,172","27.0%","8,234","0.1%","9,865","0.2%","1,160","0.2%","1,880","0.1%","24,349","0.2%","819","0.1%","5,925","0.1%","11,281","0.2%","9,563","0.2%","6,181","0.1%","12,962","0.2%","806","0.1%","95,373","1.3%","11,157","0.1%","3,142","0.2%","1,884","0.1%","8,929","0.2%","33,831","0.8%","2,378","0.2%","5,350","0.1%","1,347","0.2%","1,245","0.0%","13,359","0.4%","333,780","0.8%","1,338","0.1%","8,989","0.3%","7,964","0.1%","4,583","0.2%","2,773","0.3%","19,169","0.2%","32,684","0.5%","6,283","0.2%","30,852","0.2%","1,168","0.2%","61,344","0.2%"
"        Some other race","776,129","6.1%","37,007","1.2%","66,685","1.1%","390,057","12.9%","355,417","2.8%","191,869","6.1%","8,067","0.4%","237,478","4.2%","348,034","3.3%","71,096","4.1%","335,682","5.6%","664,813","7.5%","168,030","8.0%","141,318","1.2%","13,875","1.9%","818,951","3.8%","45,189","3.2%","348,753","5.1%","111,572","2.2%","35,616","5.1%","5,459","0.4%","358,550","3.5%","6,550","0.7%","93,147","1.9%","191,174","2.9%","62,137","1.4%","75,404","1.6%","115,232","1.7%","3,240","0.5%","398,348","5.3%","145,988","1.5%","55,747","2.9%","11,005","0.8%","126,533","3.2%","165,867","4.0%","65,845","6.2%","139,088","2.4%","10,603","1.8%","564,119","17.7%","92,978","3.1%","5,943,787","15.0%","22,505","2.3%","83,074","2.9%","118,258","2.1%","33,358","1.1%","8,847","0.8%","253,957","3.0%","429,942","6.0%","220,518","6.2%","1,854,260","9.5%","11,370","1.5%","1,878,367","6.5%"
"HISPANIC OR LATINO AND RACE","","","","","","","","","","","","","","","","","","","","","","","","","","","","","","","","","","","","","","","","","","","","","","","","","","","","","","","","","","","","","","","","","","","","","","","","","","","","","","","","","","","","","","","","","","","","","","","","","","","","","","","",""
"    Total population","12,741,080","12,741,080","3,156,145","3,156,145","6,126,452","6,126,452","3,034,392","3,034,392","12,807,060","12,807,060","3,161,105","3,161,105","1,805,832","1,805,832","5,695,564","5,695,564","10,519,475","10,519,475","1,754,208","1,754,208","6,042,718","6,042,718","8,908,520","8,908,520","2,095,428","2,095,428","11,689,442","11,689,442","737,438","737,438","21,299,325","21,299,325","1,420,491","1,420,491","6,902,149","6,902,149","5,084,127","5,084,127","702,455","702,455","1,338,404","1,338,404","10,383,620","10,383,620","882,235","882,235","4,887,871","4,887,871","6,691,878","6,691,878","4,468,402","4,468,402","4,659,978","4,659,978","6,770,010","6,770,010","626,299","626,299","7,535,591","7,535,591","9,995,915","9,995,915","1,929,268","1,929,268","1,356,458","1,356,458","3,943,079","3,943,079","4,190,713","4,190,713","1,057,315","1,057,315","5,813,568","5,813,568","577,737","577,737","3,195,153","3,195,153","3,013,825","3,013,825","39,557,045","39,557,045","967,171","967,171","2,911,510","2,911,510","5,611,179","5,611,179","2,986,530","2,986,530","1,062,305","1,062,305","8,517,685","8,517,685","7,171,646","7,171,646","3,572,665","3,572,665","19,542,209","19,542,209","760,077","760,077","28,701,845","28,701,845"
"        Hispanic or Latino (of any race)","2,208,868","17.3%","191,473","6.1%","253,474","4.1%","881,145","29.0%","974,763","7.6%","450,220","14.2%","25,569","1.4%","1,235,127","21.7%","1,021,754","9.7%","222,464","12.7%","628,435","10.4%","1,839,359","20.6%","1,029,229","49.1%","455,918","3.9%","53,069","7.2%","5,562,452","26.1%","151,356","10.7%","846,780","12.3%","294,502","5.8%","79,249","11.3%","22,411","1.7%","995,529","9.6%","33,983","3.9%","211,485","4.3%","472,419","7.1%","161,506","3.6%","239,954","5.1%","372,901","5.5%","12,450","2.0%","970,353","12.9%","517,381","5.2%","214,483","11.1%","52,648","3.9%","429,079","10.9%","556,397","13.3%","168,341","15.9%","403,833","6.9%","57,895","10.0%","3,154,017","98.7%","230,300","7.6%","15,540,142","39.3%","91,975","9.5%","348,443","12.0%","308,013","5.5%","87,126","2.9%","41,605","3.9%","812,810","9.5%","2,266,342","31.6%","589,810","16.5%","3,752,523","19.2%","27,444","3.6%","11,368,844","39.6%"
"            Mexican","1,744,028","13.7%","155,179","4.9%","179,787","2.9%","668,365","22.0%","158,286","1.2%","313,226","9.9%","11,319","0.6%","911,881","16.0%","593,262","5.6%","188,003","10.7%","108,960","1.8%","211,254","2.4%","641,955","30.6%","206,307","1.8%","28,656","3.9%","736,566","3.5%","46,165","3.2%","51,415","0.7%","147,935","2.9%","12,161","1.7%","7,270","0.5%","564,685","5.4%","19,762","2.2%","127,838","2.6%","359,126","5.4%","85,810","1.9%","92,142","2.0%","217,875","3.2%","3,467","0.6%","767,821","10.2%","374,225","3.7%","154,073","8.0%","6,926","0.5%","346,720","8.8%","450,251","10.7%","11,379","1.1%","281,850","4.8%","48,755","8.4%","8,570","0.3%","160,697","5.3%","12,808,944","32.4%","36,782","3.8%","284,470","9.8%","202,331","3.6%","47,586","1.6%","27,294","2.6%","173,359","2.0%","1,978,995","27.6%","56,462","1.6%","497,331","2.5%","17,923","2.4%","9,659,802","33.7%"
"            Puerto Rican","206,543","1.6%","7,792","0.2%","16,816","0.3%","25,740","0.8%","477,312","3.7%","12,566","0.4%","4,112","0.2%","38,288","0.7%","103,647","1.0%","7,281","0.4%","60,552","1.0%","488,181","5.5%","9,606","0.5%","137,104","1.2%","8,156","1.1%","1,187,437","5.6%","45,801","3.2%","329,713","4.8%","40,888","0.8%","6,146","0.9%","6,248","0.5%","110,248","1.1%","2,853","0.3%","26,822","0.5%","37,370","0.6%","15,876","0.4%","14,472","0.3%","37,537","0.6%","2,231","0.4%","38,591","0.5%","47,412","0.5%","6,331","0.3%","20,193","1.5%","18,222","0.5%","13,050","0.3%","54,342","5.1%","63,932","1.1%","1,187","0.2%","3,064,018","95.9%","9,016","0.3%","226,738","0.6%","24,471","2.5%","12,793","0.4%","17,477","0.3%","11,726","0.4%","2,166","0.2%","106,886","1.3%","62,519","0.9%","298,006","8.3%","1,070,071","5.5%","4,221","0.6%","214,765","0.7%"
"            Cuban","27,617","0.2%","1,714","0.1%","8,220","0.1%","35,071","1.2%","24,185","0.2%","2,766","0.1%","1,351","0.1%","12,183","0.2%","35,052","0.3%","1,015","0.1%","13,050","0.2%","97,336","1.1%","4,240","0.2%","11,362","0.1%","1,870","0.3%","1,580,886","7.4%","2,362","0.2%","14,621","0.2%","9,358","0.2%","4,776","0.7%","2,234","0.2%","27,695","0.3%","159","0.0%","4,943","0.1%","4,333","0.1%","14,655","0.3%","10,555","0.2%","11,614","0.2%","786","0.1%","9,015","0.1%","12,648","0.1%","5,997","0.3%","2,570","0.2%","3,427","0.1%","7,732","0.2%","1,275","0.1%","8,344","0.1%","93","0.0%","10,875","0.3%","2,763","0.1%","103,868","0.3%","1,592","0.2%","3,858","0.1%","7,259","0.1%","1,745","0.1%","1,216","0.1%","20,443","0.2%","17,385","0.2%","11,846","0.3%","80,474","0.4%","260","0.0%","93,713","0.3%"
"            Other Hispanic or Latino","230,680","1.8%","26,788","0.8%","48,651","0.8%","151,969","5.0%","314,980","2.5%","121,662","3.8%","8,787","0.5%","272,775","4.8%","289,793","2.8%","26,165","1.5%","445,873","7.4%","1,042,588","11.7%","373,428","17.8%","101,145","0.9%","14,387","2.0%","2,057,563","9.7%","57,028","4.0%","451,031","6.5%","96,321","1.9%","56,166","8.0%","6,659","0.5%","292,901","2.8%","11,209","1.3%","51,882","1.1%","71,590","1.1%","45,165","1.0%","122,785","2.6%","105,875","1.6%","5,966","1.0%","154,926","2.1%","83,096","0.8%","48,082","2.5%","22,959","1.7%","60,710","1.5%","85,364","2.0%","101,345","9.6%","49,707","0.9%","7,860","1.4%","70,554","2.2%","57,824","1.9%","2,400,592","6.1%","29,130","3.0%","47,322","1.6%","80,946","1.4%","26,069","0.9%","10,929","1.0%","512,122","6.0%","207,443","2.9%","223,496","6.3%","2,104,647","10.8%","5,040","0.7%","1,400,564","4.9%"
"        Not Hispanic or Latino","10,532,212","82.7%","2,964,672","93.9%","5,872,978","95.9%","2,153,247","71.0%","11,832,297","92.4%","2,710,885","85.8%","1,780,263","98.6%","4,460,437","78.3%","9,497,721","90.3%","1,531,744","87.3%","5,414,283","89.6%","7,069,161","79.4%","1,066,199","50.9%","11,233,524","96.1%","684,369","92.8%","15,736,873","73.9%","1,269,135","89.3%","6,055,369","87.7%","4,789,625","94.2%","623,206","88.7%","1,315,993","98.3%","9,388,091","90.4%","848,252","96.1%","4,676,386","95.7%","6,219,459","92.9%","4,306,896","96.4%","4,420,024","94.9%","6,397,109","94.5%","613,849","98.0%","6,565,238","87.1%","9,478,534","94.8%","1,714,785","88.9%","1,303,810","96.1%","3,514,000","89.1%","3,634,316","86.7%","888,974","84.1%","5,409,735","93.1%","519,842","90.0%","41,136","1.3%","2,783,525","92.4%","24,016,903","60.7%","875,196","90.5%","2,563,067","88.0%","5,303,166","94.5%","2,899,404","97.1%","1,020,700","96.1%","7,704,875","90.5%","4,905,304","68.4%","2,982,855","83.5%","15,789,686","80.8%","732,633","96.4%","17,333,001","60.4%"
"            White alone","7,760,732","60.9%","2,695,583","85.4%","4,857,174","79.3%","1,469,593","48.4%","9,723,288","75.9%","2,459,891","77.8%","1,661,773","92.0%","3,859,171","67.8%","5,493,804","52.2%","1,434,463","81.8%","3,035,148","50.2%","4,864,534","54.6%","773,039","36.9%","9,182,383","78.6%","443,304","60.1%","11,344,261","53.3%","308,375","21.7%","4,882,418","70.7%","3,229,793","63.5%","259,371","36.9%","1,245,001","93.0%","6,505,973","62.7%","718,783","81.5%","3,192,169","65.3%","5,266,285","78.7%","3,776,055","84.5%","2,720,774","58.4%","4,984,848","73.6%","579,944","92.6%","5,111,274","67.8%","7,476,047","74.8%","1,515,261","78.5%","1,217,767","89.8%","2,570,367","65.2%","3,147,602","75.1%","754,990","71.4%","4,707,567","81.0%","485,040","84.0%","30,793","1.0%","2,174,167","72.1%","14,495,479","36.6%","598,105","61.8%","2,201,742","75.6%","4,455,388","79.4%","1,684,276","56.4%","912,200","85.9%","5,224,295","61.3%","3,894,250","54.3%","2,367,636","66.3%","10,794,347","55.2%","636,952","83.8%","11,881,257","41.4%"
"            Black or African American alone","1,759,316","13.8%","113,562","3.6%","698,641","11.4%","266,440","8.8%","1,352,804","10.6%","37,546","1.2%","68,042","3.8%","223,299","3.9%","3,281,137","31.2%","10,007","0.6%","1,782,090","29.5%","1,137,645","12.8%","39,940","1.9%","1,425,930","12.2%","24,011","3.3%","3,252,558","15.3%","26,978","1.9%","483,673","7.0%","1,345,077","26.5%","311,654","44.4%","18,501","1.4%","2,184,448","21.0%","18,895","2.1%","1,298,603","26.6%","628,603","9.4%","349,542","7.8%","1,499,008","32.2%","1,123,551","16.6%","7,206","1.2%","281,902","3.7%","1,363,183","13.6%","89,377","4.6%","18,950","1.4%","282,571","7.2%","77,915","1.9%","61,691","5.8%","363,642","6.3%","3,102","0.5%","4,372","0.1%","454,521","15.1%","2,179,078","5.5%","210,908","21.8%","163,132","5.6%","362,419","6.5%","1,130,353","37.8%","4,899","0.5%","1,597,761","18.8%","310,388","4.3%","357,164","10.0%","2,789,585","14.3%","25,541","3.4%","3,409,081","11.9%"
"            American Indian and Alaska Native alone","17,215","0.1%","9,710","0.3%","23,149","0.4%","30,185","1.0%","14,367","0.1%","27,959","0.9%","2,535","0.1%","31,977","0.6%","17,359","0.2%","18,867","1.1%","9,701","0.2%","8,921","0.1%","183,944","8.8%","18,605","0.2%","107,887","14.6%","41,492","0.2%","1,976","0.1%","10,754","0.2%","16,553","0.3%","1,281","0.2%","8,204","0.6%","108,795","1.0%","74,907","8.5%","20,450","0.4%","10,560","0.2%","6,878","0.2%","22,714","0.5%","15,812","0.2%","1,701","0.3%","81,400","1.1%","46,417","0.5%","14,471","0.8%","3,538","0.3%","293,505","7.4%","41,055","1.0%","2,772","0.3%","47,092","0.8%","14,292","2.5%","0","0.0%","17,615","0.6%","139,116","0.4%","3,397","0.4%","21,136","0.7%","54,989","1.0%","12,675","0.4%","65,452","6.2%","18,281","0.2%","277,800","3.9%","5,105","0.1%","45,465","0.2%","39,559","5.2%","70,676","0.2%"
"            Asian alone","711,970","5.6%","79,643","2.5%","120,440","2.0%","244,471","8.1%","450,077","3.5%","74,784","2.4%","13,311","0.7%","177,495","3.1%","431,551","4.1%","26,186","1.5%","376,805","6.2%","861,223","9.7%","31,807","1.5%","269,314","2.3%","45,513","6.2%","580,229","2.7%","521,237","36.7%","468,665","6.8%","80,638","1.6%","26,959","3.8%","15,356","1.1%","303,651","2.9%","14,791","1.7%","64,942","1.3%","152,940","2.3%","64,830","1.5%","74,845","1.6%","118,553","1.8%","11,841","1.9%","655,415","8.7%","324,358","3.2%","45,534","2.4%","35,901","2.6%","83,919","2.1%","188,459","4.5%","35,378","3.3%","163,421","2.8%","5,612","1.0%","1,747","0.1%","46,681","1.5%","5,741,886","14.5%","38,860","4.0%","81,824","2.8%","271,051","4.8%","25,819","0.9%","8,474","0.8%","550,696","6.5%","232,105","3.2%","164,859","4.6%","1,651,636","8.5%","13,642","1.8%","1,413,916","4.9%"
"            Native Hawaiian and Other Pacific Islander alone","2,887","0.0%","2,945","0.1%","7,095","0.1%","18,249","0.6%","3,557","0.0%","28,810","0.9%","451","0.0%","6,616","0.1%","11,618","0.1%","2,222","0.1%","2,263","0.0%","1,777","0.0%","2,030","0.1%","3,819","0.0%","7,877","1.1%","9,694","0.0%","134,876","9.5%","2,185","0.0%","3,685","0.1%","336","0.0%","89","0.0%","8,539","0.1%","51","0.0%","1,797","0.0%","3,249","0.0%","4,003","0.1%","606","0.0%","4,189","0.1%","139","0.0%","52,145","0.7%","3,290","0.0%","800","0.0%","473","0.0%","3,512","0.1%","17,844","0.4%","197","0.0%","1,800","0.0%","1,065","0.2%","0","0.0%","9,278","0.3%","143,302","0.4%","820","0.1%","2,562","0.1%","2,025","0.0%","1,179","0.0%","929","0.1%","4,587","0.1%","14,177","0.2%","244","0.0%","4,765","0.0%","339","0.0%","18,958","0.1%"
"            Some other race alone","24,310","0.2%","4,000","0.1%","9,832","0.2%","11,810","0.4%","21,357","0.2%","6,356","0.2%","2,286","0.1%","10,755","0.2%","33,630","0.3%","1,429","0.1%","25,852","0.4%","40,261","0.5%","3,662","0.2%","20,784","0.2%","895","0.1%","81,784","0.4%","1,321","0.1%","53,791","0.8%","11,601","0.2%","3,502","0.5%","1,315","0.1%","25,927","0.2%","271","0.0%","6,970","0.1%","15,103","0.2%","8,661","0.2%","10,835","0.2%","15,771","0.2%","1,143","0.2%","14,078","0.2%","14,443","0.1%","2,330","0.1%","1,860","0.1%","7,652","0.2%","6,609","0.2%","8,922","0.8%","6,629","0.1%","537","0.1%","3,077","0.1%","4,612","0.2%","100,696","0.3%","1,258","0.1%","1,963","0.1%","8,194","0.1%","4,320","0.1%","980","0.1%","20,390","0.2%","9,960","0.1%","11,387","0.3%","97,323","0.5%","1,584","0.2%","45,166","0.2%"
"            Two or more races","255,782","2.0%","59,229","1.9%","156,647","2.6%","112,499","3.7%","266,847","2.1%","75,539","2.4%","31,865","1.8%","151,124","2.7%","228,622","2.2%","38,570","2.2%","182,424","3.0%","154,800","1.7%","31,777","1.5%","312,689","2.7%","54,882","7.4%","426,855","2.0%","274,372","19.3%","153,883","2.2%","102,278","2.0%","20,103","2.9%","27,527","2.1%","250,758","2.4%","20,554","2.3%","91,455","1.9%","142,719","2.1%","96,927","2.2%","91,242","2.0%","134,385","2.0%","11,875","1.9%","369,024","4.9%","250,796","2.5%","47,012","2.4%","25,321","1.9%","272,474","6.9%","154,832","3.7%","25,024","2.4%","119,584","2.1%","10,194","1.8%","1,147","0.0%","76,651","2.5%","1,217,346","3.1%","21,848","2.3%","90,708","3.1%","149,100","2.7%","40,782","1.4%","27,766","2.6%","288,865","3.4%","166,624","2.3%","76,460","2.1%","406,565","2.1%","15,016","2.0%","493,947","1.7%"
"                Two races including Some other race","11,405","0.1%","493","0.0%","2,330","0.0%","3,740","0.1%","11,356","0.1%","2,925","0.1%","335","0.0%","5,359","0.1%","7,548","0.1%","486","0.0%","10,479","0.2%","15,034","0.2%","2,491","0.1%","7,814","0.1%","863","0.1%","23,138","0.1%","1,266","0.1%","18,373","0.3%","4,395","0.1%","1,424","0.2%","461","0.0%","10,100","0.1%","3","0.0%","3,111","0.1%","3,977","0.1%","2,713","0.1%","2,441","0.1%","3,499","0.1%","245","0.0%","8,582","0.1%","7,156","0.1%","333","0.0%","674","0.0%","2,515","0.1%","4,082","0.1%","1,357","0.1%","2,648","0.0%","0","0.0%","0","0.0%","844","0.0%","48,539","0.1%","817","0.1%","1,503","0.1%","3,647","0.1%","553","0.0%","783","0.1%","6,736","0.1%","4,760","0.1%","5,577","0.2%","36,895","0.2%","218","0.0%","26,240","0.1%"
"                Two races excluding Some other race, and Three or more races","244,377","1.9%","58,736","1.9%","154,317","2.5%","108,759","3.6%","255,491","2.0%","72,614","2.3%","31,530","1.7%","145,765","2.6%","221,074","2.1%","38,084","2.2%","171,945","2.8%","139,766","1.6%","29,286","1.4%","304,875","2.6%","54,019","7.3%","403,717","1.9%","273,106","19.2%","135,510","2.0%","97,883","1.9%","18,679","2.7%","27,066","2.0%","240,658","2.3%","20,551","2.3%","88,344","1.8%","138,742","2.1%","94,214","2.1%","88,801","1.9%","130,886","1.9%","11,630","1.9%","360,442","4.8%","243,640","2.4%","46,679","2.4%","24,647","1.8%","269,959","6.8%","150,750","3.6%","23,667","2.2%","116,936","2.0%","10,194","1.8%","1,147","0.0%","75,807","2.5%","1,168,807","3.0%","21,031","2.2%","89,205","3.1%","145,453","2.6%","40,229","1.3%","26,983","2.5%","282,129","3.3%","161,864","2.3%","70,883","2.0%","369,670","1.9%","14,798","1.9%","467,707","1.6%"
"Total housing units","5,376,176","(X)","1,409,568","(X)","2,806,296","(X)","1,268,717","(X)","5,713,136","(X)","1,108,739","(X)","893,742","(X)","2,424,128","(X)","4,326,266","(X)","735,703","(X)","2,458,779","(X)","3,628,198","(X)","943,232","(X)","5,217,617","(X)","318,352","(X)","9,547,762","(X)","546,261","(X)","2,915,043","(X)","2,318,291","(X)","319,579","(X)","746,592","(X)","4,684,962","(X)","397,506","(X)","2,274,711","(X)","2,903,576","(X)","1,995,187","(X)","2,076,136","(X)","2,992,412","(X)","337,133","(X)","3,148,084","(X)","4,614,552","(X)","845,011","(X)","638,112","(X)","1,743,073","(X)","1,788,743","(X)","469,153","(X)","2,710,718","(X)","278,615","(X)","1,553,061","(X)","1,380,521","(X)","14,277,867","(X)","438,659","(X)","1,280,553","(X)","2,455,637","(X)","1,332,631","(X)","515,161","(X)","3,538,985","(X)","3,035,902","(X)","1,521,123","(X)","8,363,847","(X)","377,661","(X)","11,101,498","(X)"
"CITIZEN, VOTING AGE POPULATION","","","","","","","","","","","","","","","","","","","","","","","","","","","","","","","","","","","","","","","","","","","","","","","","","","","","","","","","","","","","","","","","","","","","","","","","","","","","","","","","","","","","","","","","","","","","","","","","","","","","","","","",""
"    Citizen, 18 and over population","9,074,766","9,074,766","2,327,219","2,327,219","4,633,370","4,633,370","2,075,166","2,075,166","9,781,212","9,781,212","2,087,341","2,087,341","1,431,158","1,431,158","4,151,040","4,151,040","7,486,799","7,486,799","1,252,414","1,252,414","4,320,150","4,320,150","6,198,334","6,198,334","1,507,384","1,507,384","8,863,920","8,863,920","532,244","532,244","15,327,815","15,327,815","1,016,506","1,016,506","5,035,804","5,035,804","3,850,077","3,850,077","526,393","526,393","1,070,661","1,070,661","7,629,700","7,629,700","647,089","647,089","3,712,212","3,712,212","4,935,180","4,935,180","3,368,919","3,368,919","3,459,079","3,459,079","5,075,166","5,075,166","500,274","500,274","5,355,539","5,355,539","7,542,878","7,542,878","1,380,260","1,380,260","1,069,812","1,069,812","2,852,665","2,852,665","3,098,171","3,098,171","803,077","803,077","4,401,754","4,401,754","433,644","433,644","2,561,292","2,561,292","2,224,112","2,224,112","25,838,830","25,838,830","720,867","720,867","2,091,514","2,091,514","4,106,914","4,106,914","2,240,658","2,240,658","823,668","823,668","6,213,686","6,213,686","5,035,771","5,035,771","2,614,365","2,614,365","13,770,029","13,770,029","567,351","567,351","18,502,334","18,502,334"
"        Male","4,385,340","48.3%","1,139,250","49.0%","2,240,784","48.4%","1,036,350","49.9%","4,726,343","48.3%","1,041,497","49.9%","701,390","49.0%","2,073,626","50.0%","3,558,929","47.5%","622,965","49.7%","2,055,984","47.6%","2,977,776","48.0%","735,509","48.8%","4,282,540","48.3%","279,792","52.6%","7,371,100","48.1%","513,093","50.5%","2,400,775","47.7%","1,830,316","47.5%","245,922","46.7%","518,367","48.4%","3,634,888","47.6%","323,519","50.0%","1,763,395","47.5%","2,392,487","48.5%","1,632,285","48.5%","1,655,923","47.9%","2,427,806","47.8%","244,517","48.9%","2,655,643","49.6%","3,667,806","48.6%","679,331","49.2%","525,826","49.2%","1,390,267","48.7%","1,518,467","49.0%","384,768","47.9%","2,162,711","49.1%","219,788","50.7%","1,198,296","46.8%","1,074,651","48.3%","12,693,335","49.1%","343,826","47.7%","1,032,265","49.4%","2,023,293","49.3%","1,062,978","47.4%","413,026","50.1%","3,015,598","48.5%","2,478,560","49.2%","1,252,484","47.9%","6,565,089","47.7%","291,026","51.3%","9,038,806","48.9%"
"        Female","4,689,426","51.7%","1,187,969","51.0%","2,392,586","51.6%","1,038,816","50.1%","5,054,869","51.7%","1,045,844","50.1%","729,768","51.0%","2,077,414","50.0%","3,927,870","52.5%","629,449","50.3%","2,264,166","52.4%","3,220,558","52.0%","771,875","51.2%","4,581,380","51.7%","252,452","47.4%","7,956,715","51.9%","503,413","49.5%","2,635,029","52.3%","2,019,761","52.5%","280,471","53.3%","552,294","51.6%","3,994,812","52.4%","323,570","50.0%","1,948,817","52.5%","2,542,693","51.5%","1,736,634","51.5%","1,803,156","52.1%","2,647,360","52.2%","255,757","51.1%","2,699,896","50.4%","3,875,072","51.4%","700,929","50.8%","543,986","50.8%","1,462,398","51.3%","1,579,704","51.0%","418,309","52.1%","2,239,043","50.9%","213,856","49.3%","1,362,996","53.2%","1,149,461","51.7%","13,145,495","50.9%","377,041","52.3%","1,059,249","50.6%","2,083,621","50.7%","1,177,680","52.6%","410,642","49.9%","3,198,088","51.5%","2,557,211","50.8%","1,361,881","52.1%","7,204,940","52.3%","276,325","48.7%","9,463,528","51.1%"